/*
SQLyog Community v13.1.2 (64 bit)
MySQL - 10.4.21-MariaDB : Database - moodle
*********************************************************************
*/

/*!40101 SET NAMES utf8 */;

/*!40101 SET SQL_MODE=''*/;

/*!40014 SET @OLD_UNIQUE_CHECKS=@@UNIQUE_CHECKS, UNIQUE_CHECKS=0 */;
/*!40014 SET @OLD_FOREIGN_KEY_CHECKS=@@FOREIGN_KEY_CHECKS, FOREIGN_KEY_CHECKS=0 */;
/*!40101 SET @OLD_SQL_MODE=@@SQL_MODE, SQL_MODE='NO_AUTO_VALUE_ON_ZERO' */;
/*!40111 SET @OLD_SQL_NOTES=@@SQL_NOTES, SQL_NOTES=0 */;
CREATE DATABASE /*!32312 IF NOT EXISTS*/`moodle` /*!40100 DEFAULT CHARACTER SET utf8mb4 COLLATE utf8mb4_unicode_ci */;

USE `moodle`;

/*Table structure for table `mdl_course` */

DROP TABLE IF EXISTS `mdl_course`;

CREATE TABLE `mdl_course` (
  `id` bigint(10) NOT NULL AUTO_INCREMENT,
  `category` bigint(10) NOT NULL DEFAULT 0,
  `sortorder` bigint(10) NOT NULL DEFAULT 0,
  `fullname` varchar(254) NOT NULL DEFAULT '',
  `shortname` varchar(255) NOT NULL DEFAULT '',
  `idnumber` varchar(100) NOT NULL DEFAULT '',
  `summary` longtext DEFAULT NULL,
  `summaryformat` tinyint(2) NOT NULL DEFAULT 0,
  `format` varchar(21) NOT NULL DEFAULT 'topics',
  `showgrades` tinyint(2) NOT NULL DEFAULT 1,
  `newsitems` mediumint(5) NOT NULL DEFAULT 1,
  `startdate` bigint(10) NOT NULL DEFAULT 0,
  `enddate` bigint(10) NOT NULL DEFAULT 0,
  `relativedatesmode` tinyint(1) NOT NULL DEFAULT 0,
  `marker` bigint(10) NOT NULL DEFAULT 0,
  `maxbytes` bigint(10) NOT NULL DEFAULT 0,
  `legacyfiles` smallint(4) NOT NULL DEFAULT 0,
  `showreports` smallint(4) NOT NULL DEFAULT 0,
  `visible` tinyint(1) NOT NULL DEFAULT 1,
  `visibleold` tinyint(1) NOT NULL DEFAULT 1,
  `groupmode` smallint(4) NOT NULL DEFAULT 0,
  `groupmodeforce` smallint(4) NOT NULL DEFAULT 0,
  `defaultgroupingid` bigint(10) NOT NULL DEFAULT 0,
  `lang` varchar(30) NOT NULL DEFAULT '',
  `calendartype` varchar(30) NOT NULL DEFAULT '',
  `theme` varchar(50) NOT NULL DEFAULT '',
  `timecreated` bigint(10) NOT NULL DEFAULT 0,
  `timemodified` bigint(10) NOT NULL DEFAULT 0,
  `requested` tinyint(1) NOT NULL DEFAULT 0,
  `enablecompletion` tinyint(1) NOT NULL DEFAULT 0,
  `completionnotify` tinyint(1) NOT NULL DEFAULT 0,
  `cacherev` bigint(10) NOT NULL DEFAULT 0,
  PRIMARY KEY (`id`),
  KEY `mdl_cour_cat_ix` (`category`),
  KEY `mdl_cour_idn_ix` (`idnumber`),
  KEY `mdl_cour_sho_ix` (`shortname`),
  KEY `mdl_cour_sor_ix` (`sortorder`)
) ENGINE=InnoDB AUTO_INCREMENT=49 DEFAULT CHARSET=utf8mb4 ROW_FORMAT=COMPRESSED COMMENT='Central course table';

/*Data for the table `mdl_course` */

insert  into `mdl_course`(`id`,`category`,`sortorder`,`fullname`,`shortname`,`idnumber`,`summary`,`summaryformat`,`format`,`showgrades`,`newsitems`,`startdate`,`enddate`,`relativedatesmode`,`marker`,`maxbytes`,`legacyfiles`,`showreports`,`visible`,`visibleold`,`groupmode`,`groupmodeforce`,`defaultgroupingid`,`lang`,`calendartype`,`theme`,`timecreated`,`timemodified`,`requested`,`enablecompletion`,`completionnotify`,`cacherev`) values 
(1,0,1,'Techstudio LMS','LMS','','A place to learn how to work at Techstudio and assess your knowledge',0,'site',1,3,0,0,0,0,0,0,0,1,1,0,0,0,'','','',1596146689,1607370754,0,0,0,1634687720),
(2,7,20002,'1. General Process Course','General','','<p dir=\"ltr\" style=\"text-align: center; \">Finished the internship program that included: 160 hours theoretical part,</p><p dir=\"ltr\" style=\"text-align: center; \">160 hours practice with a mentor, 160 hours independent practice</p>',1,'topics',1,5,1596254400,0,0,0,0,0,0,1,1,0,0,0,'','','',1596229855,1635754360,0,0,0,1635754361),
(4,9,30004,'Agent Essentials','Agent Essentials','','',1,'topics',1,5,1596254400,0,0,0,0,0,0,1,1,0,0,0,'','','',1596197098,1605817231,0,0,0,1634687720),
(5,13,70001,'Sales course','Sales course','','',1,'topics',1,5,1599105600,0,0,0,0,0,0,1,1,0,0,0,'','','',1599042927,1605742983,0,0,0,1634687720),
(6,9,30003,'Customer Service functional course','CS ','','',1,'topics',1,5,1599105600,0,0,0,0,0,0,1,1,0,0,0,'','','',1599042980,1607282254,0,0,0,1634687720),
(7,11,50001,'IT Project Manager course','IT PM','','',1,'topics',1,5,1599105600,0,0,0,0,0,0,1,1,0,0,0,'','','',1599043009,1605742950,0,0,0,1634687720),
(8,7,20003,'2. Platrum course','Platrum course','','<p dir=\"ltr\" style=\"text-align: left;\"></p><p dir=\"ltr\" style=\"\">Finished the internship program that included: 160 hours theoretical part,</p><p dir=\"ltr\" style=\"\">160 hours practice with a mentor, 160 hours independent practice</p><br><p></p>',1,'topics',1,5,1599105600,0,0,0,0,0,0,1,1,0,0,0,'','','',1599043047,1635754316,0,0,0,1635754317),
(9,23,160002,'Manager\'s Essentials','M.E.','','',1,'topics',1,5,1599105600,0,0,0,0,0,0,1,1,0,0,0,'','','',1599078379,1605743268,0,0,0,1634687720),
(10,19,120002,'Recruitment Essentials','Recruitment','','',1,'topics',1,5,1599105600,0,0,0,0,0,0,1,1,0,0,0,'','','',1599078591,1605896415,0,0,0,1634687720),
(11,22,150001,'Marketing Essentials','M.C','','',1,'topics',1,5,1599192000,0,0,0,0,0,0,1,1,0,0,0,'','','',1599161718,1605743228,0,0,0,1634687720),
(12,17,100001,'Quality Control Essentials','QC','','',1,'topics',1,5,1599192000,0,0,0,0,0,0,1,1,0,0,0,'','','',1599161783,1605743054,0,0,0,1634687720),
(13,14,80001,'Executive Assistant course','Ex.Assis course','','',1,'topics',1,5,1600056000,0,0,0,0,0,0,1,1,0,0,0,'','','',1601025546,1605743008,0,0,0,1634687720),
(14,10,40001,'Reactivation Agent course','React.ag','','',1,'topics',1,5,1600228800,0,0,0,0,0,0,1,1,0,0,0,'','','',1601025621,1605742883,0,0,0,1634687720),
(15,25,180001,'QA Internship program','QA','','',1,'topics',1,5,1600574400,1632628800,0,0,0,0,0,1,1,0,0,0,'','','',1601025827,1604517644,0,1,0,1634687720),
(16,21,140002,'Freelance Essentials','freelance','','',1,'topics',1,5,1600833600,0,0,0,0,0,0,1,1,0,0,0,'','','',1601025924,1605743216,0,0,0,1634687720),
(17,23,160001,'Organizational Structure for managers','OrgStack','','',1,'topics',1,5,1600574400,0,0,0,0,0,0,1,1,0,0,0,'','','',1601026037,1605743254,0,0,0,1634687720),
(18,20,130001,'TechOps course','TechOps','','',1,'topics',1,5,1600574400,0,0,0,0,0,0,1,1,0,0,0,'','','',1601026106,1605743174,0,0,0,1634687720),
(19,18,110001,'IPTV development course','IPTV dev','','',1,'topics',1,5,1601092800,0,0,0,0,0,0,1,1,0,0,0,'','','',1601046815,1605743145,0,0,0,1634687720),
(20,26,190001,'Designers course','Designer','','',1,'topics',1,5,1601092800,0,0,0,0,0,0,1,1,0,0,0,'','','',1601046842,1604601459,0,1,0,1634687720),
(21,15,90001,'Support Tier 1 course','Tier 1','','',1,'topics',1,5,1601092800,0,0,0,0,0,0,1,1,0,0,0,'','','',1601046866,1605742800,0,0,0,1634687720),
(22,12,60001,'Developers course','DEV','','',1,'topics',1,5,1601092800,0,0,0,0,0,0,1,1,0,0,0,'','','',1601046898,1605742967,0,0,0,1634687720),
(23,7,20004,'3. Contractors Essentials  ','Contractors Essentials  ','','<p dir=\"ltr\" style=\"text-align: left;\">Finished the internship program that included: 160 hours theoretical part,&nbsp;<span style=\"font-size: 0.9375rem;\">160 hours practice with a mentor, 160 hours independent practice</span></p>',1,'topics',1,5,1601524800,0,0,0,0,0,0,1,1,0,0,0,'','','',1596141838,1635754232,0,0,0,1635754233),
(24,24,170003,'Payments processing course','Payments processing course','','',1,'topics',1,5,1602820800,0,0,0,0,0,0,1,1,2,0,0,'','','',1602757694,1605743297,0,0,0,1634687720),
(25,7,20005,'Final exam (last training)','Exam','','',1,'topics',1,5,1604638800,0,0,0,0,0,0,1,1,0,0,0,'','','',1604611423,1609929302,0,0,0,1634687720),
(26,7,20006,'Excel course','Excel','','',1,'topics',1,5,1606971600,0,0,0,0,0,0,1,1,0,0,0,'','','',1606923297,1606923297,0,1,0,1634687720),
(27,24,170004,'Quick Books course','Quick Books ','','',1,'topics',1,5,1607058000,0,0,0,0,0,0,1,1,0,0,0,'','','',1607281719,1607281719,0,1,0,1634687720),
(28,19,120001,'Recruitment Internship ','Recruitment intern','','',1,'topics',1,5,1608181200,0,0,0,0,0,0,1,1,0,0,0,'','','',1608136002,1608136002,0,1,0,1634687720),
(29,21,140001,'Outgoing Sales course','Outgoing Sales','','',1,'topics',1,5,1608267600,0,0,0,0,0,0,1,1,0,0,0,'','','',1608210536,1608210536,0,1,0,1634687720),
(30,27,230004,'Personnel Department Documentation','Personnel ','','',1,'topics',1,5,1610773200,0,0,0,0,0,0,1,1,0,0,0,'','','',1610728475,1616097554,0,1,0,1634687720),
(31,28,240002,'Customer Service Department Documentation ','CS Department','','',1,'topics',1,5,1610773200,0,0,0,0,0,0,1,1,0,0,0,'','','',1610728504,1610728504,0,1,0,1634687720),
(32,30,260002,'Product department Documentation','Product','','',1,'topics',1,5,1610773200,0,0,0,0,0,0,1,1,0,0,0,'','','',1610728547,1610728547,0,1,0,1634687720),
(33,24,170002,'Reporting for a financial analyst','Reporting for a financial analyst','','',1,'topics',1,5,1611291600,0,0,0,0,0,0,1,1,0,0,0,'','','',1611226613,1611252019,0,1,0,1634687720),
(34,28,240003,'Promotion Department Documentation','Promotion ','','',1,'topics',1,5,1611291600,0,0,0,0,0,0,1,1,0,0,0,'','','',1611233273,1611332227,0,1,0,1634687720),
(36,7,20001,'LMS Admin Course','LMS Admin','','',1,'topics',1,5,1611291600,0,0,0,0,0,0,1,1,0,0,0,'','','',1611260977,1611260977,0,1,0,1634687720),
(37,28,240001,'Sales documentation','Sales','','',1,'topics',1,5,1611378000,0,0,0,0,0,0,1,1,0,0,0,'','','',1611332285,1611332285,0,1,0,1634687720),
(38,24,170001,'Accounting & Reporting courses','Accounting course','','',1,'topics',1,5,1611810000,1643346000,0,0,0,0,0,1,1,0,0,0,'','','',1611741565,1611741565,0,1,0,1634687720),
(39,27,230003,'TechOps & Communications Department Documentation','TechOps.Doc','','',1,'topics',1,5,1611896400,0,0,0,0,0,0,1,1,0,0,0,'','','',1611846582,1611846582,0,1,0,1634687720),
(40,30,260001,'Archive documentation','Archive','','',1,'topics',1,5,1612155600,0,0,0,0,0,0,1,1,0,0,0,'','','',1612167670,1612167670,0,1,0,1634687720),
(41,27,230002,'Subscribeasy documentation (Agent Panel) ','Sub.doc','','',1,'topics',1,5,1613106000,0,0,0,0,0,0,1,1,0,0,0,'','','',1613078757,1613335226,0,1,0,1634687720),
(42,27,230001,'Subscribeasy Documentation (Admin Panel)','sub.admin ','','',1,'topics',1,5,1613451600,0,0,0,0,0,0,1,1,0,0,0,'','','',1613382414,1613382414,0,1,0,1634687720),
(43,35,200001,'Feedback Section Course','Feedback Section','','',1,'topics',1,5,1614402000,1645938000,0,0,0,0,0,1,1,0,0,0,'','','',1614353855,1614353855,0,1,0,1634687720),
(44,1,10002,'Product Division ','Product Division ','','',1,'topics',1,5,1620187200,0,0,0,0,0,0,0,0,0,0,0,'','','',1620128932,1620128932,0,1,0,1634687720),
(45,9,30002,'CS Agent Essentials','CS Agent Essentials','','',1,'topics',1,5,1620705600,1652241600,0,6,0,0,0,1,1,0,0,0,'','','',1620685044,1621985328,0,0,0,1634687720),
(46,9,30001,'Customer service Team Lead instructions','CS Team Lead instructions','','',1,'topics',1,5,1621224000,0,0,0,0,0,0,1,1,0,0,0,'','','',1621274860,1621284834,0,0,0,1634687720),
(47,1,10001,'Redmine course','Redmine','','',1,'topics',1,5,1622001600,0,0,0,0,0,0,1,1,0,0,0,'','','',1599043009,1605742950,0,0,0,1634687720);

/*Table structure for table `mdl_custom_certificate` */

DROP TABLE IF EXISTS `mdl_custom_certificate`;

CREATE TABLE `mdl_custom_certificate` (
  `id` bigint(20) NOT NULL AUTO_INCREMENT,
  `user` int(11) NOT NULL,
  `course` int(11) NOT NULL,
  `token` varchar(100) DEFAULT NULL,
  `issuedate` bigint(20) DEFAULT NULL,
  `issuername` varchar(100) DEFAULT NULL,
  `issuerposition` varchar(100) DEFAULT NULL,
  `visible` tinyint(1) NOT NULL DEFAULT 1,
  `del` tinyint(1) NOT NULL DEFAULT 0,
  PRIMARY KEY (`id`)
) ENGINE=InnoDB AUTO_INCREMENT=106 DEFAULT CHARSET=utf8mb4;

/*Data for the table `mdl_custom_certificate` */

insert  into `mdl_custom_certificate`(`id`,`user`,`course`,`token`,`issuedate`,`issuername`,`issuerposition`,`visible`,`del`) values 
(85,2,2,'24638DD66BD2',0,'Anna','Program Administrator',1,0),
(86,31,2,'24479D482D1A',0,'Anna','Program Administrator',1,0),
(87,31,23,'26ABF57F692F',0,'Smith','Designer',1,0),
(88,31,25,'245A3DA74D31',1607696116,'','',1,0),
(89,59,2,'24762E366A7A',0,'Anna','Program Administrator',1,0),
(90,59,25,'2465E1E32E91',1608152094,'','',1,0),
(91,81,2,'2484267E186A',0,'Anna','Program Administrator',1,0),
(92,160,2,'2655CFC96D02',1626887723,'Anna','Program Administrator',1,0),
(93,160,8,'2655CFC96D08',1626950501,'Jein','Program Administrator',1,0),
(94,160,23,'2655CFC96D17',1634974542,'Smith','Designer',0,0),
(95,160,25,'2655CFC96D19',1627057832,'','',1,0),
(96,128,2,'2565FF003402',1617723854,'Anna','Program Administrator',1,0),
(97,128,4,'26E87EB60C04',0,'','',1,0),
(98,128,6,'26E87EB60C06',0,'','',1,0),
(99,128,15,'26E87EB60C0F',0,'','',1,0),
(100,128,18,'2565FF003412',1617813738,'','',1,0),
(101,128,23,'2568530C1817',0,'Smith','Designer',1,0),
(102,128,45,'26E87EB60C2D',0,'','',1,0),
(103,23,2,'24479D480DDA',0,'Anna','Program Administrator',1,0),
(104,1112,2,'275144DC23C2',0,'Anna','Program Administrator',0,0),
(105,1112,8,'275144DC23C8',0,'Jein','Program Administrator',1,0);

/*Table structure for table `mdl_custom_course_certificate_info` */

DROP TABLE IF EXISTS `mdl_custom_course_certificate_info`;

CREATE TABLE `mdl_custom_course_certificate_info` (
  `id` int(11) NOT NULL AUTO_INCREMENT,
  `courseid` int(11) NOT NULL,
  `qualification` text NOT NULL,
  `issuername` varchar(100) NOT NULL,
  `issuerposition` varchar(100) NOT NULL,
  PRIMARY KEY (`id`)
) ENGINE=InnoDB AUTO_INCREMENT=29 DEFAULT CHARSET=utf8mb4;

/*Data for the table `mdl_custom_course_certificate_info` */

insert  into `mdl_custom_course_certificate_info`(`id`,`courseid`,`qualification`,`issuername`,`issuerposition`) values 
(7,12,'fdsa','fdas','fdasdf'),
(26,23,'Qualified for Junior Software Quality Assurance Specialist (manual testing) position','Smith','Designer'),
(27,8,'Qualified for Junior Software Quality Assurance Specialist (manual testing) position','Jein','Program Administrator'),
(28,2,'Qualified for Junior Software Quality Assurance Specialist (manual testing) position','Anna','Program Administrator');

/*Table structure for table `mdl_role_assignments` */

DROP TABLE IF EXISTS `mdl_role_assignments`;

CREATE TABLE `mdl_role_assignments` (
  `id` bigint(10) NOT NULL AUTO_INCREMENT,
  `roleid` bigint(10) NOT NULL DEFAULT 0,
  `contextid` bigint(10) NOT NULL DEFAULT 0,
  `userid` bigint(10) NOT NULL DEFAULT 0,
  `timemodified` bigint(10) NOT NULL DEFAULT 0,
  `modifierid` bigint(10) NOT NULL DEFAULT 0,
  `component` varchar(100) NOT NULL DEFAULT '',
  `itemid` bigint(10) NOT NULL DEFAULT 0,
  `sortorder` bigint(10) NOT NULL DEFAULT 0,
  PRIMARY KEY (`id`),
  KEY `mdl_roleassi_sor_ix` (`sortorder`),
  KEY `mdl_roleassi_rolcon_ix` (`roleid`,`contextid`),
  KEY `mdl_roleassi_useconrol_ix` (`userid`,`contextid`,`roleid`),
  KEY `mdl_roleassi_comiteuse_ix` (`component`,`itemid`,`userid`),
  KEY `mdl_roleassi_rol_ix` (`roleid`),
  KEY `mdl_roleassi_con_ix` (`contextid`),
  KEY `mdl_roleassi_use_ix` (`userid`)
) ENGINE=InnoDB AUTO_INCREMENT=1058 DEFAULT CHARSET=utf8mb4 ROW_FORMAT=COMPRESSED COMMENT='assigning roles in different context';

/*Data for the table `mdl_role_assignments` */

insert  into `mdl_role_assignments`(`id`,`roleid`,`contextid`,`userid`,`timemodified`,`modifierid`,`component`,`itemid`,`sortorder`) values 
(25,1,1,15,1605125582,0,'auth_ldap',0,0),
(65,1,1,23,1605896171,0,'auth_ldap',0,0),
(96,5,26,31,1607023261,2,'',0,0),
(100,5,26,23,1607023261,2,'',0,0),
(105,1,26,15,1607023273,2,'',0,0),
(127,5,663,31,1607692671,5,'',0,0),
(165,5,26,2,1608052877,2,'',0,0),
(180,5,663,59,1608130234,5,'',0,0),
(189,1,219,15,1608577825,56,'',0,0),
(190,1,219,23,1608577854,56,'',0,0),
(197,5,425,59,1608578692,56,'',0,0),
(198,5,425,31,1608578728,56,'',0,0),
(268,5,26,59,1608759959,56,'',0,0),
(289,5,26,81,1609277297,56,'',0,0),
(482,5,1563,15,1613059475,5,'',0,0),
(539,1,2308,81,1613767590,5,'',0,0),
(540,1,2308,31,1613767590,5,'',0,0),
(542,1,2314,81,1613767633,5,'',0,0),
(543,1,2314,31,1613767633,5,'',0,0),
(549,5,2314,59,1614111227,5,'',0,0),
(563,1,2308,59,1614111380,5,'',0,0),
(575,1,1724,15,1614780441,5,'',0,0),
(576,1,103,15,1614780556,5,'',0,0),
(577,1,488,15,1614780576,5,'',0,0),
(578,1,843,15,1614780595,5,'',0,0),
(579,1,663,15,1614780616,5,'',0,0),
(583,1,102,15,1614780800,5,'',0,0),
(584,1,425,15,1614780818,5,'',0,0),
(586,1,209,15,1614780854,5,'',0,0),
(587,1,424,15,1614780891,5,'',0,0),
(588,1,157,15,1614780921,5,'',0,0),
(589,1,422,15,1614780942,5,'',0,0),
(590,1,1082,15,1614780960,5,'',0,0),
(591,1,150,15,1614780982,5,'',0,0),
(592,1,1102,15,1614781020,5,'',0,0),
(593,1,215,15,1614781034,5,'',0,0),
(594,1,156,15,1614781051,5,'',0,0),
(595,1,217,15,1614781132,5,'',0,0),
(597,1,217,81,1614781132,5,'',0,0),
(602,1,149,15,1614781187,5,'',0,0),
(608,1,149,81,1614781187,5,'',0,0),
(609,1,1877,15,1614781202,5,'',0,0),
(610,1,1707,15,1614781221,5,'',0,0),
(611,1,550,15,1614781239,5,'',0,0),
(612,1,213,15,1614781261,5,'',0,0),
(613,1,423,15,1614781278,5,'',0,0),
(614,1,2433,15,1614781297,5,'',0,0),
(668,5,219,128,1617659771,2,'',0,0),
(669,5,26,128,1617659806,2,'',0,0),
(677,5,488,128,1617708005,5,'',0,0),
(687,5,1882,128,1617818333,5,'',0,0),
(688,5,2314,128,1617818351,5,'',0,0),
(829,3,2709,15,1622674120,14,'',0,0),
(883,5,26,160,1626541711,117,'',0,0),
(884,5,488,160,1626541854,117,'',0,0),
(885,5,103,160,1626542018,117,'',0,0),
(886,5,663,160,1626542130,117,'',0,0),
(968,5,488,31,1629738403,117,'',0,0),
(1005,5,2709,128,1632004531,128,'',0,0),
(1006,5,101,128,1632004557,128,'',0,0),
(1007,5,68,128,1632004580,128,'',0,0),
(1008,5,213,128,1632004618,128,'',0,0),
(1038,3,488,185,1635131851,160,'',0,0),
(1039,3,488,128,1635131851,160,'',0,0),
(1040,3,488,160,1635131851,160,'',0,0),
(1041,3,488,31,1635131851,160,'',0,0),
(1042,3,488,15,1635131851,160,'',0,0),
(1043,3,488,23,1635131851,160,'',0,0),
(1044,3,488,59,1635131851,160,'',0,0),
(1045,3,488,81,1635131851,160,'',0,0),
(1046,3,488,2,1635131851,160,'',0,0),
(1056,5,26,1112,1635885893,160,'',0,0),
(1057,5,103,1112,1635885926,160,'',0,0);

/*Table structure for table `mdl_user` */

DROP TABLE IF EXISTS `mdl_user`;

CREATE TABLE `mdl_user` (
  `id` bigint(10) NOT NULL AUTO_INCREMENT,
  `auth` varchar(20) NOT NULL DEFAULT 'manual',
  `confirmed` tinyint(1) NOT NULL DEFAULT 0,
  `policyagreed` tinyint(1) NOT NULL DEFAULT 0,
  `deleted` tinyint(1) NOT NULL DEFAULT 0,
  `suspended` tinyint(1) NOT NULL DEFAULT 0,
  `mnethostid` bigint(10) NOT NULL DEFAULT 0,
  `username` varchar(100) NOT NULL DEFAULT '',
  `password` varchar(255) NOT NULL DEFAULT '',
  `idnumber` varchar(255) NOT NULL DEFAULT '',
  `firstname` varchar(100) NOT NULL DEFAULT '',
  `lastname` varchar(100) NOT NULL DEFAULT '',
  `email` varchar(100) NOT NULL DEFAULT '',
  `emailstop` tinyint(1) NOT NULL DEFAULT 0,
  `icq` varchar(15) NOT NULL DEFAULT '',
  `skype` varchar(50) NOT NULL DEFAULT '',
  `yahoo` varchar(50) NOT NULL DEFAULT '',
  `aim` varchar(50) NOT NULL DEFAULT '',
  `msn` varchar(50) NOT NULL DEFAULT '',
  `phone1` varchar(20) NOT NULL DEFAULT '',
  `phone2` varchar(20) NOT NULL DEFAULT '',
  `institution` varchar(255) NOT NULL DEFAULT '',
  `department` varchar(255) NOT NULL DEFAULT '',
  `address` varchar(255) NOT NULL DEFAULT '',
  `city` varchar(120) NOT NULL DEFAULT '',
  `country` varchar(2) NOT NULL DEFAULT '',
  `lang` varchar(30) NOT NULL DEFAULT 'en',
  `calendartype` varchar(30) NOT NULL DEFAULT 'gregorian',
  `theme` varchar(50) NOT NULL DEFAULT '',
  `timezone` varchar(100) NOT NULL DEFAULT '99',
  `firstaccess` bigint(10) NOT NULL DEFAULT 0,
  `lastaccess` bigint(10) NOT NULL DEFAULT 0,
  `lastlogin` bigint(10) NOT NULL DEFAULT 0,
  `currentlogin` bigint(10) NOT NULL DEFAULT 0,
  `lastip` varchar(45) NOT NULL DEFAULT '',
  `secret` varchar(15) NOT NULL DEFAULT '',
  `picture` bigint(10) NOT NULL DEFAULT 0,
  `url` varchar(255) NOT NULL DEFAULT '',
  `description` longtext DEFAULT NULL,
  `descriptionformat` tinyint(2) NOT NULL DEFAULT 1,
  `mailformat` tinyint(1) NOT NULL DEFAULT 1,
  `maildigest` tinyint(1) NOT NULL DEFAULT 0,
  `maildisplay` tinyint(2) NOT NULL DEFAULT 2,
  `autosubscribe` tinyint(1) NOT NULL DEFAULT 1,
  `trackforums` tinyint(1) NOT NULL DEFAULT 0,
  `timecreated` bigint(10) NOT NULL DEFAULT 0,
  `timemodified` bigint(10) NOT NULL DEFAULT 0,
  `trustbitmask` bigint(10) NOT NULL DEFAULT 0,
  `imagealt` varchar(255) DEFAULT NULL,
  `lastnamephonetic` varchar(255) DEFAULT NULL,
  `firstnamephonetic` varchar(255) DEFAULT NULL,
  `middlename` varchar(255) DEFAULT NULL,
  `alternatename` varchar(255) DEFAULT NULL,
  `moodlenetprofile` varchar(255) DEFAULT NULL,
  PRIMARY KEY (`id`),
  UNIQUE KEY `mdl_user_mneuse_uix` (`mnethostid`,`username`),
  KEY `mdl_user_del_ix` (`deleted`),
  KEY `mdl_user_con_ix` (`confirmed`),
  KEY `mdl_user_fir_ix` (`firstname`),
  KEY `mdl_user_las_ix` (`lastname`),
  KEY `mdl_user_cit_ix` (`city`),
  KEY `mdl_user_cou_ix` (`country`),
  KEY `mdl_user_las2_ix` (`lastaccess`),
  KEY `mdl_user_ema_ix` (`email`),
  KEY `mdl_user_aut_ix` (`auth`),
  KEY `mdl_user_idn_ix` (`idnumber`),
  KEY `mdl_user_fir2_ix` (`firstnamephonetic`),
  KEY `mdl_user_las3_ix` (`lastnamephonetic`),
  KEY `mdl_user_mid_ix` (`middlename`),
  KEY `mdl_user_alt_ix` (`alternatename`)
) ENGINE=InnoDB AUTO_INCREMENT=1114 DEFAULT CHARSET=utf8mb4 ROW_FORMAT=COMPRESSED COMMENT='One record for each person';

/*Data for the table `mdl_user` */

insert  into `mdl_user`(`id`,`auth`,`confirmed`,`policyagreed`,`deleted`,`suspended`,`mnethostid`,`username`,`password`,`idnumber`,`firstname`,`lastname`,`email`,`emailstop`,`icq`,`skype`,`yahoo`,`aim`,`msn`,`phone1`,`phone2`,`institution`,`department`,`address`,`city`,`country`,`lang`,`calendartype`,`theme`,`timezone`,`firstaccess`,`lastaccess`,`lastlogin`,`currentlogin`,`lastip`,`secret`,`picture`,`url`,`description`,`descriptionformat`,`mailformat`,`maildigest`,`maildisplay`,`autosubscribe`,`trackforums`,`timecreated`,`timemodified`,`trustbitmask`,`imagealt`,`lastnamephonetic`,`firstnamephonetic`,`middlename`,`alternatename`,`moodlenetprofile`) values 
(1,'manual',1,0,0,0,1,'guest','$2y$10$vmblwXm9jVmSHfT85Jz19OaCWmoISv8F/Nt..EmnM/Nrwlzgf6DE2','','Guest user',' ','root@localhost',0,'','','','','','','','','','','','','en','gregorian','','99',0,0,0,0,'','',0,'','This user is a special user that allows read-only access to some courses.',1,1,0,2,1,0,0,1596146689,0,NULL,NULL,NULL,NULL,NULL,NULL),
(2,'manual',1,0,0,0,1,'admin','$2y$10$LktlGY3pofx.TceQBDGAXuz.rhvIeVrY8/NoEe19mNKMKuktfXM62','','Admin','User','lms@techstudio.tv',0,'','','','','','','','','','','','','en','gregorian','','99',1596146797,1633568413,1633003894,1633114383,'0.0.0.0','',0,'','',1,1,0,1,1,0,0,1596146980,0,NULL,'','','','',''),
(3,'ldap',1,0,1,0,1,'s_hen.3@unknownemail.invalid.1633640505','not cached','','Sergii','Hen','f45c1d911f57e24f6f86ca3124faf185',0,'','','','','','','','','','','','','en','gregorian','','99',1596229253,1596812273,1596229397,1596812273,'10.91.100.46','',0,'',NULL,1,1,0,2,1,0,1596229252,1633640505,0,NULL,NULL,NULL,NULL,NULL,NULL),
(4,'ldap',1,0,1,0,1,'v_mahuran@techstudio.cloud.1596230504','not cached','','Viktoria','Mahuran','62ebb331e3ed1a017edfa58d79484923',0,'','','','','','','','','','','','','en','gregorian','','99',1594386913,1596208894,1596194022,1596208131,'85.233.55.166','',0,'',NULL,1,1,0,2,1,0,1594386912,1596230504,0,NULL,NULL,NULL,NULL,NULL,NULL),
(5,'ldap',1,0,1,0,1,'v_mahuran@techstudio.tv.1633640505','not cached','','Viktoriia','Mahuran','62ebb331e3ed1a017edfa58d79484923',0,'','','','','','','','','','','','','en','gregorian','','99',1597071903,1623006771,1622833251,1622986607,'10.71.100.38','',0,'',NULL,1,1,0,2,1,0,1597071902,1633640505,0,NULL,'','','','',''),
(6,'ldap',1,0,1,0,1,'o_podaranchuk@techstudio.tv.1633640845','not cached','','Oksana','Podaranchuk','760da4454b646dc13e5f916748fbc80a',0,'','','','','','','','','','','','US','en','gregorian','','99',1601416423,1621893464,1620163004,1621878508,'10.71.100.14','',0,'','',1,1,0,2,1,0,1601416422,1633640845,0,'','','','','',''),
(7,'ldap',1,0,1,0,1,'d_prokopchuk@techstudio.tv.1633640506','not cached','','Denys','Prokopchuk','3e901fd619eeb6934221f1a9f5ebe3d2',0,'','','','','','','','','','','','','en','gregorian','','99',1601923158,1621285167,1620863705,1621274677,'10.71.100.41','',0,'',NULL,1,1,0,0,1,0,1601923156,1633640506,0,NULL,'','','','',''),
(8,'ldap',1,0,1,0,1,'n_moroz@indiantvcompany.com.1633640507','not cached','','Natalya','Moroz','48561463491482de8a2d7a7f3d9539ca',0,'','','','','','','','','','','','','en','gregorian','','99',1601923187,1621285438,1621020465,1621278589,'10.71.100.44','',0,'',NULL,1,1,0,2,1,0,1601923186,1633640507,0,NULL,'','','','',''),
(9,'ldap',1,0,1,0,1,'l_pishchyk@indiantvcompany.com.1633640845','not cached','','Liubov','Pishchyk','c04eb84b4b012ce37b95c0a6084bdd10',0,'','','','','','','','','','','','','en','gregorian','','99',1602607174,1633529515,1633500725,1633529515,'10.71.1.15','',0,'','',1,1,0,2,1,0,1602607173,1633640845,0,NULL,'','','','',''),
(10,'ldap',1,0,1,0,1,'y_ivanova@techstudio.tv.1633640507','not cached','','Yulia','Ivanova','9151a280713558b711642d64249f4319',0,'','','','','','','','','','','','US','en','gregorian','','99',1602773274,1632729001,1622565023,1632729001,'10.71.100.129','',0,'',NULL,1,1,0,1,1,0,1602773272,1633640507,0,NULL,'','','','',''),
(11,'ldap',1,0,1,0,1,'m_soroka@indiantvcompany.com.1633640508','not cached','','Mariia','Soroka','5d3766f93284f93066c8e360e28519e9',0,'','','','','','','','','','','','','en','gregorian','','99',1603357621,1632568142,1632300878,1632568049,'10.71.1.15','',0,'','',1,1,0,2,1,0,1603357620,1633640508,0,NULL,'','','','',''),
(12,'ldap',1,0,1,0,1,'k_mirzekerimov@indiantvcompany.com.1633640508','not cached','','Kazbek','Mirzekerimov','57c4f7acb1bc43ecaabff7fd56b96289',0,'','','','','','','','','','','','','en','gregorian','','99',1604605997,1630514162,1608550879,1630512525,'10.71.100.86','',0,'','',1,1,0,2,1,0,1604605996,1633640508,0,NULL,'','','','',''),
(13,'ldap',1,0,1,0,1,'o_kharinskaya@indiantvcompany.com.1633640509','not cached','','Olesia','Kharinskaya','4a4157618ead4aa14c22ee85195a52fd',0,'','','','','','','','','','','','AL','en','gregorian','','99',1604690662,1604690918,0,1604690662,'10.71.1.17','',0,'','<p dir=\"ltr\" style=\"text-align: left;\">lol</p>',1,1,0,2,1,0,1604690661,1633640509,0,NULL,'','','','',''),
(14,'ldap',1,0,1,0,1,'r_yeromenko@indiantvcompany.com.1633640846','not cached','','Ruslan','Yeromenko','14675222684ddd51aa0d26d719fa1c37',0,'','','','','','','','','','','','','en','gregorian','','99',1605118493,1633616504,1633125404,1633616504,'10.71.100.46','',0,'','',1,1,0,2,1,0,1605118491,1633640846,0,NULL,'','','','',''),
(15,'ldap',1,0,0,0,1,'i_samojlina','not cached','','Irina','Samojlina','i_samojlina@techstudio.tv',0,'','','','','','','','','','','','','en','gregorian','','99',1605125582,1632321527,1631649550,1632321462,'10.71.100.56','',0,'','',1,1,0,2,1,0,1605125581,1605125648,0,NULL,'','','','',''),
(16,'ldap',1,0,1,0,1,'d_pankov@alfamediaplayer.com.1633640510','not cached','','Denys','Pankov','f3ad5fa09fd3e5afbaa22baf0b5d0ac5',0,'','','','','','','','','','','','AX','en','gregorian','','99',1605303320,1608041052,1607598865,1608040973,'10.71.100.44','',0,'',NULL,1,1,0,2,1,0,1605303319,1633640510,0,NULL,'','','','',''),
(17,'ldap',1,0,1,0,1,'n_prytula@alfamediaplayer.com.1633640510','not cached','','Natalia','Prytula','867bfbb430082a516060d4c016e1ae74',0,'','','','','','','','','','','','','en','gregorian','','99',1605303737,1605629406,1605556776,1605605746,'10.71.100.60','',0,'',NULL,1,1,0,2,1,0,1605303736,1633640510,0,NULL,'','','','',''),
(18,'ldap',1,0,1,0,1,'m_khusnetdinov@alfamediaplayer.com.1633640511','not cached','','Marat','Khusnetdinov','a0a080fcb30a11e5b399d2005aec05e9',0,'','','','','','','','','','','','','en','gregorian','','99',1605304027,1605805353,1605715714,1605805019,'10.71.100.69','',0,'',NULL,1,1,0,2,1,0,1605304025,1633640511,0,NULL,'','','','',''),
(19,'ldap',1,0,1,0,1,'i_barkov@alfamediaplayer.com.1633640512','not cached','','Illia','Barkov','00529046d6f00bad2524ad00eacb6589',0,'','','','','','','','','','','','','en','gregorian','','99',1605304339,1609176484,1609176192,1609176312,'10.91.100.91','',0,'','',1,1,0,2,1,0,1605304338,1633640512,0,'','','','','',''),
(20,'ldap',1,0,1,0,1,'a_priadko@indiantvcompany.com.1633640848','not cached','','Alina','Priadko','fec71c3d9d3fa1b44ca9c8e2ced5f039',0,'','','','','','','','','','','','','en','gregorian','','99',1605560894,1632506116,1624024493,1632506116,'10.71.100.37','',0,'',NULL,1,1,0,2,1,0,1605560893,1633640848,0,NULL,'','','','',''),
(21,'manual',1,0,1,0,1,'o_pylypchuk@polishtvcompany.com.1633640513','$2y$10$1myaOb7h2Zv3nVIutQiqWe3ADmbMUvd25NMm2lVE9vRiS6SsBkSDK','','Oksana','Pylypchuk','49f5a718c487b7879d5a62c78655b9cb',0,'','','','','','','','','','','','','en','gregorian','','99',1605561245,1606942436,1606846723,1606942436,'10.71.100.62','',0,'','',1,1,0,2,1,0,1605561244,1633640513,0,'','','','','',''),
(22,'ldap',1,0,1,0,1,'d_kolinko@subscribeasy.com.1633640514','not cached','','Dmytri','Kolinko','f5bee6094cbcb621e46dd8d839ea8c41',0,'','','','','','','','','','','','','en','gregorian','','99',1605737234,1609614517,1609505483,1609614361,'10.91.100.55','',0,'',NULL,1,1,0,2,1,0,1605737233,1633640514,0,NULL,'','','','',''),
(23,'ldap',1,0,0,0,1,'s_solovyenko','not cached','','Sergey','Solovyenko','',0,'','','','','','','','','','','','','en','gregorian','','99',1605896172,1617659243,1605896172,1617659243,'10.71.100.15','',0,'',NULL,1,1,0,2,1,0,1605896170,1605896170,0,NULL,NULL,NULL,NULL,NULL,NULL),
(24,'ldap',1,0,1,0,1,'s_yaremchuk@techstudio.tv.1633640514','not cached','','Svitlana','Yaremchuk','dff20c1d6846d4e2a66392c8a35d099e',0,'','','','','','','','','','','','','en','gregorian','','99',1606136627,1617392261,1616791396,1617392261,'10.71.100.42','',0,'',NULL,1,1,0,2,1,0,1606136626,1633640514,0,NULL,'','','','',''),
(25,'ldap',1,0,1,0,1,'m_ronchyk@indiantvcompany.com.1633640515','not cached','','Mikhail','Ronchyk','e50f6193a1d99c3fc92f843799937665',0,'','','','','','','','','','','','','en','gregorian','','99',1606159146,1618245401,1617888901,1618245401,'10.91.100.39','',0,'',NULL,1,1,0,2,1,0,1606159145,1633640515,0,NULL,'','','','',''),
(26,'ldap',1,0,1,0,1,'o_viktorevska@techstudio.tv.1633640849','not cached','','Olena','Viktorevska','a5eb48a7b98133271533cff883e1b766',0,'','','','','','','','','','','','','en','gregorian','','99',1606166507,1622416650,1620084589,1622416576,'10.71.100.35','',0,'',NULL,1,1,0,2,1,0,1606166505,1633640849,0,NULL,'','','','',''),
(27,'ldap',1,0,1,0,1,'a_shpak@indiantvcompany.com.1633640516','not cached','','Anna','Shpak','73f0b4e772661ae64db7da7df9b15175',0,'','','','','','','','','','','','','en','gregorian','','99',1606243202,1633614361,1633464356,1633601169,'10.91.100.56','',0,'',NULL,1,1,0,2,1,0,1606243201,1633640516,0,NULL,'','','','',''),
(28,'ldap',1,0,1,0,1,'a_serheieva.28@unknownemail.invalid.1633640516','not cached','','Alina','Serheieva','f5076e99924e88e8712ed5bca0905d5a',0,'','','','','','','','','','','','','en','gregorian','','99',1606244011,1606244011,0,1606244011,'10.71.100.42','',0,'',NULL,1,1,0,2,1,0,1606244010,1633640516,0,NULL,NULL,NULL,NULL,NULL,NULL),
(29,'ldap',1,0,1,0,1,'r_holovatyi@indiantvcompany.com.1633640517','not cached','','Roman','Holovatyi','f81d18e7e3e4a258b62fb7e81ded22f0',0,'','','','','','','','','','','','','en','gregorian','','99',1606918466,1606925439,0,1606918466,'10.71.1.17','',0,'',NULL,1,1,0,2,1,0,1606918465,1633640517,0,NULL,'','','','',''),
(30,'ldap',1,0,1,0,1,'a_dudik@russiantvcompany.com.1633640517','not cached','','Alexey','Dydik','69323fdd04cba781df2ccdcaf76237d7',0,'','','','','','','','','','','','','en','gregorian','','99',1606925441,1613035905,1612822052,1613035905,'10.71.100.56','',0,'',NULL,1,1,0,2,1,0,1606925440,1633640517,0,NULL,'','','','',''),
(31,'ldap',1,0,0,0,1,'a_rudenko','not cached','','Alisa','Rudenko','a_rudenko@indiantvcompany.com',0,'','','','','','','','','','','','','en','gregorian','','99',1606925660,1632513333,1632510845,1632511934,'10.71.100.71','',0,'',NULL,1,1,0,2,1,0,1606925659,1606925788,0,NULL,'','','','',''),
(32,'ldap',1,0,1,0,1,'d_svoiakova@indiantvcompany.com.1633640517','not cached','','Diana','Svoiakova','62d0b118f74b7ac820a3dde183e99de4',0,'','','','','','','','','','','','','en','gregorian','','99',1606929845,1610647093,1606929845,1610647093,'10.71.100.58','',0,'',NULL,1,1,0,2,1,0,1606929844,1633640517,0,NULL,'','','','',''),
(33,'ldap',1,0,1,0,1,'k_solomska@techstudio.tv.1633640849','not cached','','Kateryna','Solomska','fce7a4ea2654e58d19ac9a70d8c6807b',0,'','','','','','','','','','','','','en','gregorian','','99',1606930420,1616199297,1615575037,1616190900,'10.91.100.51','',0,'',NULL,1,1,0,2,1,0,1606930419,1633640849,0,NULL,'','','','',''),
(34,'ldap',1,0,1,0,1,'d_kovaliov@russiantvcompany.com.1633640518','not cached','','Dmitri','Kovaliov','091a83c7eb9c690e287200e9affb6ccb',0,'','','','','','','','','','','','','en','gregorian','','99',1606939674,1606939742,0,1606939674,'10.71.1.17','',0,'',NULL,1,1,0,2,1,0,1606939673,1633640518,0,NULL,'','','','',''),
(35,'ldap',1,0,1,0,1,'s_solovyenko@techstudio.tv.1633640518','not cached','','testoc','dont touch me','27c2f5cd118605258b779913d0a71651',0,'','','','','','','','','','','','','en','gregorian','','99',1607021570,1607023676,1607021570,1607022106,'10.71.1.17','',0,'',NULL,1,1,0,2,1,0,1607021569,1633640518,0,NULL,'','','','',''),
(36,'ldap',1,0,1,0,1,'v_bagro@estidesign.com.1607366600','not cached','','Vadyslav','Bagro','c1212d2cbc006f43bae2e41da6d353d6',0,'','','','','','','','','','','','','en','gregorian','','99',1607120593,1607120593,0,1607120593,'10.71.1.17','',0,'','',1,1,0,2,1,0,1607120591,1607366600,0,'','','','','',''),
(37,'ldap',1,0,1,0,1,'v_bagro.37@unknownemail.invalid.1607364310','not cached','','Vadyslav','Bagro','71e7919506e31d885cb3733174763fda',0,'','','','','','','','','','','','','en','gregorian','','99',1607362195,1607364202,1607364068,1607364202,'10.71.100.39','',0,'',NULL,1,1,0,2,1,0,1607362193,1607364310,0,NULL,'','','','',''),
(38,'ldap',1,0,1,0,1,'v_bagro.38@unknownemail.invalid.1607366498','not cached','','Vadyslav','Bagro','71e7919506e31d885cb3733174763fda',0,'','','','','','','','','','','','','en','gregorian','','99',1607364371,1607364526,1607364371,1607364526,'10.71.100.39','',0,'',NULL,1,1,0,2,1,0,1607364369,1607366498,0,NULL,NULL,NULL,NULL,NULL,NULL),
(39,'ldap',1,0,1,0,1,'v_bagro@estidesign.com.1633640519','not cached','','Vadyslav','Bagro','71e7919506e31d885cb3733174763fda',0,'','','','','','','','','','','','','en','gregorian','','99',1607366662,1621520930,1621282003,1621515506,'10.71.100.54','',0,'',NULL,1,1,0,2,1,0,1607366660,1633640519,0,NULL,'','','','',''),
(40,'ldap',1,0,1,0,1,'y_pobyvantsev@indiantvcompany.com.1633640519','not cached','','Yevgen','Pobyvantsev','3b8b2cb44ad92b35460fc923ae70115a',0,'','','','','','','','','','','','','en','gregorian','','99',1607378392,1607532034,1607475406,1607516675,'10.71.100.75','',0,'',NULL,1,1,0,2,1,0,1607378390,1633640519,0,NULL,'','','','',''),
(41,'ldap',1,0,1,0,1,'a_stulov@indiantvcompany.com.1633640520','not cached','','Alex','Stulov','6e0d37cd5121f9b72c97fbc50c56f0ac',0,'','','','','','','','','','','','','en','gregorian','','99',1607526521,1611219909,1608905919,1611219694,'10.71.100.75','',0,'',NULL,1,1,0,2,1,0,1607526520,1633640520,0,NULL,'','','','',''),
(42,'ldap',1,0,1,0,1,'p_prykhodko@russiantvcompany.com.1633640520','not cached','','Pavel','Prykhodko','75e942a9b3edec09abe867a67abd220f',0,'','','','','','','','','','','Kyiv','UA','en','gregorian','','Europe/Kiev',1607526999,1617302421,1616592125,1617302421,'10.71.100.66','',0,'',NULL,1,1,0,2,1,0,1607526997,1633640520,0,'','','','','',''),
(43,'ldap',1,0,1,0,1,'o_bilenka@polishtvcompany.com.1633640521','not cached','','Olha','Bilenka','48171d77299807f0dd1e8d8ca1dd8b74',0,'','','','','','','','','','','','','en','gregorian','','99',1607627373,1633345580,1633206884,1633345580,'10.71.100.37','',0,'',NULL,1,1,0,2,1,0,1607627371,1633640521,0,NULL,'','','','',''),
(44,'ldap',1,0,1,0,1,'v_kravchuk@indiantvcompany.com.1633640521','not cached','','Vadym','Kravchuk','e8880ccc15ef687fc4dbe30873f48c8b',0,'','','','','','','','','','','','','en','gregorian','','99',1607628930,1631033016,1630485838,1631032404,'10.91.100.82','',0,'',NULL,1,1,0,2,1,0,1607628929,1633640521,0,NULL,'','','','',''),
(45,'ldap',1,0,1,0,1,'i_stavnichenko@techstudio.tv.1633640522','not cached','','Iryna','Stanvichenko','f482ea6cc7039acd2ca864ab060ef6f4',0,'','','','','','','','','','','','','en','gregorian','','99',1607694225,1613384991,1613162680,1613384759,'10.71.100.54','',0,'',NULL,1,1,0,2,1,0,1607694223,1633640522,0,NULL,'','','','',''),
(46,'ldap',1,0,1,0,1,'a_gorbanievska@polishtvcompany.com.1633640522','not cached','','Anna','Gorbanievska','03719649b468bb3290bdf09c18c67fae',0,'','','','','','','','','','','Dabrowka Gorna','PL','en','gregorian','','99',1607703660,1616778760,1608741537,1616768219,'10.91.100.35','',0,'',NULL,1,1,0,2,1,0,1607703659,1633640522,0,NULL,'','','','',''),
(47,'ldap',1,0,1,0,1,'s_masum@indiantvcompany.com.1633640523','not cached','','Sikander','Masum','b22bf2d0a88d543d63cba94cebcbcd6c',0,'','','','','','','','','','','','','en','gregorian','','99',1607711613,1610656575,1610551424,1610656492,'10.71.100.78','',0,'',NULL,1,1,0,2,1,0,1607711611,1633640523,0,NULL,'','','','',''),
(48,'ldap',1,0,1,0,1,'v_morhulov@techstudio.tv.1633640523','not cached','','Volodymyr','Morhulov','f70f7c6020639723ecdf38db508d0033',0,'','','','','','','','','','','','UA','en','gregorian','','99',1607715323,1607716181,0,1607715323,'10.71.100.27','',0,'',NULL,1,1,0,2,1,0,1607715322,1633640523,0,NULL,'','','','',''),
(49,'ldap',1,0,1,0,1,'a_savka@techstudio.tv.1633640523','not cached','','Andriy','Savka','674fdf1681f3f12b9773c2df42e74b63',0,'','','','','','','','','','','','','en','gregorian','','99',1607719550,1610643406,1607719550,1610641467,'10.91.100.21','',0,'',NULL,1,1,0,2,1,0,1607719548,1633640523,0,NULL,'','','','',''),
(50,'ldap',1,0,1,0,1,'s_tsoy@subscribeasy.com.1633640524','not cached','','Sergey','Tsoy','0e613ed24d97bb338493d405d10ef2bf',0,'','','','','','','','','','','','','en','gregorian','','99',1607720917,1608149335,1607721121,1608147884,'10.91.100.65','',0,'','',1,1,0,2,1,0,1607720916,1633640524,0,NULL,'','','','',''),
(51,'ldap',1,0,1,0,1,'r_boiko@indiantvcompany.com.1633640525','not cached','','Roksolana','Boiko','f3f0b2398d2f31d394c88de54591cdaa',0,'','','','','','','','','','','','','en','gregorian','','99',1607890487,1632757003,1621439201,1632757003,'10.91.100.57','',0,'',NULL,1,1,0,2,1,0,1607890485,1633640525,0,NULL,'','','','',''),
(52,'ldap',1,0,1,0,1,'t_velieva@indiantvcompany.com.1633640850','not cached','','Tamila','Velieva','b53777472a84b5b76eb98e64c2a414ff',0,'','','','','','','','','','','','','en','gregorian','','99',1607924724,1632724119,1632388734,1632716133,'10.71.1.15','',0,'',NULL,1,1,0,2,1,0,1607924722,1633640850,0,NULL,'','','','',''),
(53,'ldap',1,0,1,0,1,'a_romanenko@indiantvcompany.com.1633640525','not cached','','Andrii','Romanenko','aa213f01cbffea9cfb20cc506fd19fe4',0,'','','','','','','','','','','','UA','en','gregorian','','99',1607950787,1607972616,1607950787,1607971381,'10.71.100.90','',0,'','',1,1,0,2,1,0,1607950785,1633640525,0,'','','','','',''),
(54,'ldap',1,0,1,0,1,'o_boichenko@alfamediaplayer.com.1633640526','not cached','','Olga','Boichenko','90ea48d8bce29f5c3323599bf74b5308',0,'','','','','','','','','','','','','en','gregorian','','99',1608049526,1608665116,1608316524,1608654056,'10.71.100.46','',0,'',NULL,1,1,0,2,1,0,1608049524,1633640526,0,NULL,'','','','',''),
(55,'ldap',1,0,1,0,1,'o_kudimov@alfamediaplayer.com.1633640527','not cached','','Oleg','Kudymov','9a238696f9ff769239d7dfc6bc5f5af6',0,'','','','','','','','','','','New York','US','en','gregorian','','America/New_York',1608051188,1609942784,1609905696,1609942622,'10.71.100.33','',0,'','',1,1,0,2,1,0,1608051187,1633640527,0,'','Кудымов','Олег','','',''),
(56,'ldap',1,0,1,0,1,'d_khomenko@techstudio.tv.1633640528','not cached','','Dmitriy','Khomenko','77e16e819f4fda503058f057a8c9ac0b',0,'','','','','','','','','','','','','en','gregorian','','99',1608052134,1613055639,1612996945,1613055034,'10.71.100.59','',0,'',NULL,1,1,0,2,1,0,1608052133,1633640528,0,NULL,'','','','',''),
(57,'ldap',1,0,1,0,1,'a_german@techstudio.tv.1633640528','not cached','','Anna','German','716a185fd7de9d69c28de222b0f331c6',0,'','','','','','','','','','','','','en','gregorian','','99',1608055435,1608146106,1608055435,1608145480,'10.71.100.72','',0,'',NULL,1,1,0,2,1,0,1608055433,1633640528,0,NULL,'','','','',''),
(58,'ldap',1,0,1,0,1,'a_martysiuk@indiantvcompany.com.1633640529','not cached','','Anna','Martysiuk','461c784c8ef8efc10c33b614eb46451c',0,'','','','','','','','','','','','','en','gregorian','','99',1608057943,1608175765,1608127589,1608175120,'10.71.100.68','',0,'',NULL,1,1,0,2,1,0,1608057941,1633640529,0,'','','','','',''),
(59,'ldap',1,0,0,0,1,'evgenyt','not cached','','Evgeny','Tikhonov','e_tikhonov@subscribeasy.com',0,'','','','','','','','','','','','','en','gregorian','','99',1608072374,1608152265,1608072374,1608147877,'10.91.100.66','',0,'',NULL,1,1,0,1,1,0,1608072372,1608075144,0,NULL,'','','','',''),
(60,'ldap',1,0,1,0,1,'webdev.kabanov@gmail.com.1633640529','not cached','','Vyacheslav','Kabanov','7052030e4f5fbf3437d0351b6400bd33',0,'','','','','','','','','','','','','en','gregorian','','99',1608129855,1608132654,1608130589,1608131042,'10.71.100.65','',0,'',NULL,1,1,0,2,1,0,1608129854,1633640529,0,NULL,'','','','',''),
(61,'ldap',1,0,1,0,1,'u_plyskun@indiantvcompany.com.1633640530','not cached','','Uliana','Plyskun','6259cf0c710f2f5d0d67d66b7f996cb3',0,'','','','','','','','','','','','','en','gregorian','','99',1608216274,1617024013,1613485010,1617024013,'10.71.100.60','',0,'',NULL,1,1,0,2,1,0,1608216272,1633640530,0,NULL,'','','','',''),
(62,'ldap',1,0,1,0,1,'s_dzhelialchuk@indiantvcompany.com.1633640530','not cached','','Seidali','Dzhelialchuk','72624ed30613f05b5898c478371430e7',0,'','','','','','','','','','','','','en','gregorian','','99',1608217761,1608651827,1608217828,1608651827,'10.71.100.48','',0,'',NULL,1,1,0,2,1,0,1608217759,1633640530,0,NULL,'','','','',''),
(63,'ldap',1,0,1,0,1,'r_adutskevich@alfamediaplayer.com.1633640531','not cached','','Rastsislau','Adutskevich','3b4f6af24587bb0df32ed636ccde2f51',0,'','','','','','','','','','','','','en','gregorian','','99',1608581770,1609746363,1609513553,1609746363,'10.91.100.54','',0,'',NULL,1,1,0,2,1,0,1608581768,1633640531,0,NULL,'','','','',''),
(64,'ldap',1,0,1,0,1,'a_tsimakhavets@alfamediaplayer.com.1633640532','not cached','','Alena','Tsimakhavets','e4fea37e58739f2cd3e31b6d164c3e7a',0,'','','','','','','','','','','','','en','gregorian','','99',1608582100,1611588140,1611535258,1611586376,'10.71.100.39','',0,'',NULL,1,1,0,2,1,0,1608582099,1633640532,0,NULL,'','','','',''),
(65,'ldap',1,0,1,0,1,'m_shkrabak@techstudio.tv.1633640532','not cached','','Mariia','Shkrabak','b2460059f61e36f3b16037c72c0c9edd',0,'','','','','','','','','','','','','en','gregorian','','99',1608666396,1608667183,0,1608666396,'10.71.100.39','',0,'',NULL,1,1,0,2,1,0,1608666394,1633640532,0,NULL,'','','','',''),
(66,'ldap',1,0,1,0,1,'v_chekalenkova@techstudio.tv.1633640533','not cached','','Viktoriia','Chekalenkova','29ba6d94b640c57e08f8fb96a3f4194f',0,'','','','','','','','','','','','ES','en','gregorian','','99',1608674952,1608767651,1608674952,1608764777,'10.71.100.62','',0,'',NULL,1,1,0,2,1,0,1608674950,1633640533,0,NULL,'','','','',''),
(67,'ldap',1,0,1,0,1,'d_veselkova@indiantvcompany.com.1633640533','not cached','','Diana','Veselkova','1e25620d5943b40f6a2f43fdb62047e9',0,'','','','','','','','','','','','','en','gregorian','','99',1608674996,1633470857,1632928748,1633448410,'10.71.100.38','',0,'',NULL,1,1,0,2,1,0,1608674995,1633640533,0,NULL,'','','','',''),
(68,'ldap',1,0,1,0,1,'e_kondratyuk@indiantvcompany.com.1633640534','not cached','','Evgenia','Kondratyuk','610adbf7ac591d7af6a08d68b9857ebe',0,'','','','','','','','','','','','','en','gregorian','','99',1608729483,1609047147,1608792832,1609047147,'10.71.1.25','',0,'',NULL,1,1,0,2,1,0,1608729482,1633640534,0,NULL,'','','','',''),
(69,'ldap',1,0,1,0,1,'r_golubev@techstudio.tv.1633640534','not cached','','Roman','Golubev','757b0a93d7f8b3d8c95ae8708605bc40',0,'','','','','','','','','','','','','en','gregorian','','99',1608749129,1608752201,0,1608749129,'10.71.100.66','',0,'',NULL,1,1,0,2,1,0,1608749127,1633640534,0,NULL,'','','','',''),
(70,'ldap',1,0,1,0,1,'i_rtishcheva@indiantvcompany.com.1633640535','not cached','','Iulia','Rtishcheva','870a01181b90f6241e6b4f65c8cd1e83',0,'','','','','','','','','','','','','en','gregorian','','99',1608798281,1633594801,1633420152,1633594801,'10.71.1.25','',0,'',NULL,1,1,0,2,1,0,1608798279,1633640535,0,NULL,'','','','',''),
(71,'ldap',1,0,1,0,1,'o_holyshevskyi@indiantvcompany.com.1633640535','not cached','','Oleksandr','Holyshevskyi','7055aef1e9e1c4c72f71443a4386b9c0',0,'','','','','','','','','','','','','en','gregorian','','99',1608911160,1608911319,0,1608911160,'10.71.100.75','',0,'',NULL,1,1,0,2,1,0,1608911158,1633640535,0,NULL,'','','','',''),
(72,'ldap',1,0,1,0,1,'k_polianska@alfamediaplayer.com.1633640535','not cached','','Kateryna','Polianska','e7edf26097e1dab94eaf3038db89cde7',0,'','','','','','','','','','','','','en','gregorian','','99',1608939822,1609260515,1608940008,1609259391,'10.71.100.89','',0,'',NULL,1,1,0,2,1,0,1608939821,1633640535,0,NULL,'','','','',''),
(73,'ldap',1,0,1,0,1,'liubov@estidesign.com.1633640536','not cached','','Liubov','Rzhevytska','c89dbf9e531d24cec1083f4b7d0757dc',0,'','','','','','','','','','','','','en','gregorian','','99',1609051479,1609052220,0,1609051479,'10.71.1.25','',0,'',NULL,1,1,0,2,1,0,1609051478,1633640536,0,NULL,'','','','',''),
(74,'ldap',1,0,1,0,1,'o_leontiev@techstudio.tv.1633640536','not cached','','Oleksandr','Leontiev','f53cf48d2a6d9058da14e536f0ca2fb8',0,'','','','','','','','','','','Brooklyn','US','en','gregorian','','99',1609166825,1609166825,0,1609166825,'10.71.100.42','',0,'',NULL,1,1,0,2,1,0,1609166823,1633640536,0,NULL,'','','','',''),
(75,'ldap',1,0,1,0,1,'v_goncharuk@indiantvcompany.com.1633640536','not cached','','Vyacheslav','Goncharuk','ae491da1b437a9281401e57938d7a24c',0,'','','','','','','','','','','','UA','en','gregorian','','Europe/Kiev',1609167015,1631049855,1609167015,1631049855,'10.71.100.90','',0,'',NULL,1,1,0,2,1,0,1609167013,1633640536,0,NULL,'','','','',''),
(76,'ldap',1,0,1,0,1,'o_sanin@techstudio.tv.1633640536','not cached','','Oleh','Sanin','319e7d4e88d93e4f9968f2f2ed5308f1',0,'','','','','','','','','','','','','en','gregorian','','99',1609167111,1627589464,1627586592,1627588965,'10.91.100.9','',0,'','',1,1,0,2,1,0,1609167108,1633640536,0,'','','','','',''),
(77,'ldap',1,0,1,0,1,'m_hasiuk@indiantvcompany.com.1633640537','not cached','','Mykhailo','Hasiuk','10a41a30b9dc273602481c94f1e94d2e',0,'','','','','','','','','','','','','en','gregorian','','99',1609168870,1609168870,0,1609168870,'10.71.100.47','',0,'',NULL,1,1,0,2,1,0,1609168868,1633640537,0,NULL,'','','','',''),
(78,'ldap',1,0,1,0,1,'t_shved@techstudio.tv.1633640537','not cached','','Taras','Shved','82dfa9a2f49cc5cf853b0c94b069705b',0,'','','','','','','','','','','','','en','gregorian','','99',1609171500,1609171500,0,1609171500,'10.71.100.50','',0,'',NULL,1,1,0,2,1,0,1609171498,1633640537,0,NULL,'','','','',''),
(79,'ldap',1,0,1,0,1,'v_usov@indiantvcompany.com.1633640537','not cached','','Viktor','Usov','6f467f8caba5e905caf708b985b5ae54',0,'','','','','','','','','','','','','en','gregorian','','99',1609171767,1613041314,1609418389,1613041314,'10.71.100.66','',0,'',NULL,1,1,0,2,1,0,1609171765,1633640537,0,NULL,'','','','',''),
(80,'ldap',1,0,1,0,1,'i_yandovych@alfamediaplayer.com.1633640537','not cached','','Ihor','Yandovych','f75a510abe24a64280542ebfa66eb9d6',0,'','','','','','','','','','','','','en','gregorian','','99',1609174051,1609174267,0,1609174051,'10.91.100.90','',0,'',NULL,1,1,0,2,1,0,1609174049,1633640537,0,NULL,'','','','',''),
(81,'ldap',1,0,0,0,1,'g_timofeev','not cached','','Gregory','Timofeev','g_timofeev@techstudio.tv',0,'','','','','','','','','','','','','en','gregorian','','99',1609177464,1628195764,1628194623,1628195764,'10.71.100.91','',0,'',NULL,1,1,0,0,1,0,1609177463,1609177700,0,NULL,'','','','',''),
(82,'ldap',1,0,1,0,1,'k_gromenko@indiantvcompany.com.1633640538','not cached','','Kseniya','Gromenko','4e5a9d5128a310df9caf626e4587df67',0,'','','','','','','','','','','','','en','gregorian','','99',1609230902,1609230902,0,1609230902,'10.71.100.33','',0,'',NULL,1,1,0,2,1,0,1609230900,1633640538,0,NULL,'','','','',''),
(83,'ldap',1,0,1,0,1,'m_ilchyshyn@russiantvcompany.com.1633640538','not cached','','Maria','Ilchyshyn','0567e9d12e230d19fb79f34b94dc599c',0,'','','','','','','','','','','','UA','en','gregorian','','Europe/Kiev',1609253402,1609253402,0,1609253402,'10.71.100.43','',0,'',NULL,1,1,0,2,1,0,1609253400,1633640538,0,NULL,'','','','',''),
(84,'ldap',1,0,1,0,1,'k_charpo@polishtvcompany.com.1633640538','not cached','','Kirill','Charpo','2a3afcc4e1a157d3de07adbc4e1dd2df',0,'','','','','','','','','','','','US','en','gregorian','','99',1609256188,1616103412,1615910689,1616103412,'10.71.100.37','',0,'',NULL,1,1,0,2,1,0,1609256186,1633640538,0,NULL,'','','','',''),
(85,'ldap',1,0,1,0,1,'y_surzhan@indiantvcompany.com.1633640538','not cached','','Yevhen','Surzhan','a7a5f7d2a418f72a9fff32964fd99214',0,'','','','','','','','','','','','','en','gregorian','','99',1609282279,1633448277,1631977726,1633448277,'10.71.100.34','',0,'',NULL,1,1,0,2,1,0,1609282278,1633640538,0,NULL,'','','','',''),
(86,'ldap',1,0,1,0,1,'v_petlinska@techstudio.tv.1633640539','not cached','','Vita','Petlinska','b69da67a026e3c01d168fd576cf90bbe',0,'','','','','','','','','','','','','en','gregorian','','99',1609325177,1619548021,1613662799,1619547680,'10.71.100.52','',0,'',NULL,1,1,0,2,1,0,1609325176,1633640539,0,NULL,'','','','',''),
(87,'ldap',1,0,1,0,1,'r_halchenko@polishtvcompany.com.1633640540','not cached','','Roman','Halchenko','fd940228f82754355d1b5954d20a0d8d',0,'','','','','','','','','','','','','en','gregorian','','99',1609510344,1630445183,1623956196,1630445183,'10.91.100.38','',0,'',NULL,1,1,0,2,1,0,1609510342,1633640540,0,NULL,'','','','',''),
(88,'ldap',1,0,1,0,1,'a_shehovtsov@techstudio.tv.1633640540','not cached','','Alexandr','Shehovtsov','8c854cfb113c68d01678098f88094ad7',0,'','','','','','','','','','','','','en','gregorian','','99',1609753707,1610052995,1609753707,1610052903,'10.71.100.71','',0,'',NULL,1,1,0,2,1,0,1609753705,1633640540,0,NULL,'','','','',''),
(89,'ldap',1,0,1,0,1,'s_zaitsev@alfamediaplayer.com.1633640540','not cached','','Stanislav','Zaitsev','1608a9e0ae08a86baecb491230f07508',0,'','','','','','','','','','','','','en','gregorian','','99',1609771900,1609772099,0,1609771900,'10.71.100.87','',0,'',NULL,1,1,0,2,1,0,1609771899,1633640540,0,NULL,'','','','',''),
(90,'ldap',1,0,1,0,1,'i_shauchenka@alfamediaplayer.com.1633640541','not cached','','Inha','Shauchenka','821642f78823c65d67a50c21df082fc1',0,'','','','','','','','','','','','','en','gregorian','','99',1609782014,1618237281,1617661990,1618235407,'10.71.100.92','',0,'',NULL,1,1,0,2,1,0,1609782012,1633640541,0,NULL,'','','','',''),
(91,'ldap',1,0,1,0,1,'l_mylian@alfamediaplayer.com.1633640541','not cached','','Liubov','Mylian','ed4da0ebd547c66ec0dcd557affa0a83',0,'','','','','','','','','','','','','en','gregorian','','99',1609784711,1617708517,1616496329,1617708450,'10.71.100.78','',0,'',NULL,1,1,0,2,1,0,1609784708,1633640541,0,NULL,'','','','',''),
(92,'ldap',1,0,1,0,1,'o_zaitsev@alfamediaplayer.com.1633640542','not cached','','Oleksandr','Zaitsev','875535570ca5fe00db6f543d4924f8fe',0,'','','','','','','','','','','','','en','gregorian','','99',1609785295,1617742559,1617375887,1617742559,'10.91.100.74','',0,'',NULL,1,1,0,2,1,0,1609785293,1633640542,0,NULL,'','','','',''),
(93,'ldap',1,0,1,0,1,'v_korolov@polishtvcompany.com.1633640542','not cached','','Vadym','Korolov','10c78ed237bf5358826737a2a8fdbb4f',0,'','','','','','','','','','','','','en','gregorian','','99',1609864405,1609864405,0,1609864405,'10.71.100.93','',0,'',NULL,1,1,0,2,1,0,1609864404,1633640542,0,NULL,'','','','',''),
(94,'ldap',1,0,1,0,1,'d_suchshik@indiantvcompany.com.1633640542','not cached','','Darya','Suchshik','7a08c36dabe7b35a2023fd5914051d91',0,'','','','','','','','','','','','','en','gregorian','','99',1609939012,1610006350,1609939012,1610004797,'10.71.1.25','',0,'',NULL,1,1,0,2,1,0,1609939011,1633640542,0,NULL,'','','','',''),
(95,'ldap',1,0,1,0,1,'o_khatlamadzhyian@alfamediaplayer.com.1633640543','not cached','','Oksana','Khatlamadzhyian','59d9d991062982eb577b93b28b223b21',0,'','','','','','','','','','','','','en','gregorian','','99',1610303791,1611142323,1610696830,1611141579,'10.71.1.25','',0,'',NULL,1,1,0,2,1,0,1610303790,1633640543,0,NULL,'','','','',''),
(96,'ldap',1,0,1,0,1,'y_baitsar@alfamediaplayer.com.1633640544','not cached','','Yurii','Baitsar','09fa44f1b6c09639dc55d71c419d16d0',0,'','','','','','','','','','','','','en','gregorian','','99',1610304267,1614897334,1614850707,1614896791,'10.71.100.89','',0,'',NULL,1,1,0,2,1,0,1610304266,1633640544,0,NULL,'','','','',''),
(97,'ldap',1,0,1,0,1,'y_kechik@alfamediaplayer.com.1633640544','not cached','','Yalyn','Kechik','666d64224fbab114f0a8f6bce1a6edb2',0,'','','','','','','','','','','','','en','gregorian','','99',1610304616,1610550000,1610446137,1610530876,'10.71.100.72','',0,'',NULL,1,1,0,2,1,0,1610304615,1633640544,0,NULL,'','','','',''),
(98,'ldap',1,0,1,0,1,'d_masalskyi@alfamediaplayer.com.1633640545','not cached','','Dmytro','Masalskyi','4ef6950d77003dd23b8b0a59fe393972',0,'','','','','','','','','','','','','en','gregorian','','99',1610304858,1611172355,1611005173,1611157807,'10.91.100.92','',0,'',NULL,1,1,0,2,1,0,1610304857,1633640545,0,NULL,'','','','',''),
(99,'ldap',1,0,1,0,1,'t_miniukova@indiantvcompany.com.1633640545','not cached','','Tatiana','Miniukova','59326017edfd24531f1adca6cbd46677',0,'','','','','','','','','','','','PL','en','gregorian','','Europe/Prague',1610655432,1613596846,1613489486,1613596846,'10.71.100.57','',0,'','',1,1,0,2,1,0,1610655430,1633640545,0,NULL,'','','','',''),
(100,'ldap',1,0,1,0,1,'o_kutsenko@indiantvcompany.com.1633640546','not cached','','Olga','Kutsenko','04b2484c858cef73a71c7fd489a568ce',0,'','','','','','','','','','','','','en','gregorian','','99',1610689251,1633171500,1633087483,1633170925,'10.71.1.25','',0,'','',1,1,0,2,1,0,1610689250,1633640546,0,NULL,'','','','',''),
(101,'ldap',1,0,1,0,1,'i_kuzmina@techstudio.tv.1633640546','not cached','','Irina','Kuzmina','dbaf71221bd8c54a1510154234b443ba',0,'','','','','','','','','','','','','en','gregorian','','99',1610691526,1630483866,1629116224,1630483694,'10.71.1.25','',0,'',NULL,1,1,0,2,1,0,1610691524,1633640546,0,NULL,'','','','',''),
(102,'ldap',1,0,1,0,1,'b_sahan@techstudio.tv.1633640547','not cached','','Borys','Sahan','acef0d0ab4cff6a8ed59467936d90329',0,'','','','','','','','','','','','','en','gregorian','','99',1610730392,1610730566,0,1610730392,'10.71.100.90','',0,'',NULL,1,1,0,2,1,0,1610730391,1633640547,0,NULL,'','','','',''),
(103,'ldap',1,0,1,0,1,'s_cherepanov@indiantvcompany.com.1633640547','not cached','','Serhii','Cherepanov','9303e661dbd2fe4aa867ea17d2a3162b',0,'','','','','','','','','','','','AF','en','gregorian','','99',1610769162,1610769162,0,1610769162,'10.71.100.86','',0,'',NULL,1,1,0,1,1,0,1610769160,1633640547,0,NULL,'','','','',''),
(104,'ldap',1,0,1,0,1,'o_vialyk@alfamediaplayer.com.1633640547','not cached','','Olha','Vialyk','4a0b6c3887ae754525747031bc3db3f0',0,'','','','','','','','','','','','','en','gregorian','','99',1611089949,1612438487,1612276292,1612438487,'10.71.1.25','',0,'',NULL,1,1,0,2,1,0,1611089948,1633640547,0,NULL,'','','','',''),
(105,'ldap',1,0,1,0,1,'m_poremskyi@techstudio.tv.1633640548','not cached','','Mykhailo','Poremskyi','3dc2226c7afe33cbc629487da9716c0b',0,'','','','','','','','','','','','','en','gregorian','','99',1611161892,1611162003,0,1611161892,'10.71.100.75','',0,'',NULL,1,1,0,2,1,0,1611161891,1633640548,0,NULL,'','','','',''),
(106,'ldap',1,0,1,0,1,'k_tananian@indiantvcompany.com.1633640548','not cached','','Karyna','Tananian','046b442ce51e6d6185dcd3d5c865be37',0,'','','','','','','','','','','','','en','gregorian','','99',1611178258,1611178258,0,1611178258,'10.71.100.56','',0,'',NULL,1,1,0,2,1,0,1611178257,1633640548,0,NULL,'','','','',''),
(107,'ldap',1,0,1,0,1,'v_tokarska@alfamediaplayer.com.1633640548','not cached','','Viktoriia','Tokarska','e330ab6a143e75194796233ff0a0015c',0,'','','','','','','','','','','','','en','gregorian','','99',1611604001,1633584969,1633521766,1633583296,'10.71.100.6','',0,'',NULL,1,1,0,2,1,0,1611604000,1633640548,0,NULL,'','','','',''),
(108,'ldap',1,0,1,0,1,'n_badniaeva@alfamediaplayer.com.1633640549','not cached','','Namdzhil','Badniaeva','97b80045d2ab9f54a07cff98ea3ff1f5',0,'','','','','','','','','','','','','en','gregorian','','99',1611604629,1616416322,1613412479,1616411922,'10.71.100.35','',0,'',NULL,1,1,0,2,1,0,1611604627,1633640549,0,NULL,'','','','',''),
(109,'ldap',1,0,1,0,1,'o_mgheladze@alfamediaplayer.com.1633640550','not cached','','Olga','Mgheladze','7aeee4b797b474cfe38d170aca714456',0,'','','','','','','','','','','','','en','gregorian','','99',1611659506,1612818420,1612817374,1612817376,'10.71.100.53','',0,'',NULL,1,1,0,2,1,0,1611659504,1633640550,0,NULL,'','','','',''),
(110,'ldap',1,0,1,0,1,'s_kredentsar@alfamediaplayer.com.1633640551','not cached','','Svitlana','Kredentsar','729b8b4de1a66f640c0fc2d1c253cf45',0,'','','','','','','','','','','','','en','gregorian','','99',1611660344,1618896853,1615844646,1618896853,'10.71.100.33','',0,'',NULL,1,1,0,2,1,0,1611660342,1633640551,0,NULL,'','','','',''),
(111,'ldap',1,0,1,0,1,'k_arslanova@alfamediaplayer.com.1633640552','not cached','','Karina','Arslanova','1e52f68e0bf5c2b59b296f6cd23b482f',0,'','','','','','','','','','','','','en','gregorian','','99',1611660573,1613401811,1613143325,1613401811,'10.71.100.37','',0,'',NULL,1,1,0,2,1,0,1611660571,1633640552,0,NULL,'','','','',''),
(112,'ldap',1,0,1,0,1,'i_zhuk@alfamediaplayer.com.1633640552','not cached','','Iryna','Zhuk','a7918ec3e54374127a8cd5e8d59c61d0',0,'','','','','','','','','','','','','en','gregorian','','99',1611688957,1612808319,1612456616,1612807730,'10.71.100.55','',0,'',NULL,1,1,0,2,1,0,1611688955,1633640552,0,NULL,'','','','',''),
(113,'ldap',1,0,1,0,1,'a_laskov@techstudio.tv.1633640553','not cached','','Artur','Laskov','f83e2cc1c463a974babc8c76009432d8',0,'','','','','','','','','','','','','en','gregorian','','99',1612539698,1613055275,1612955328,1613041809,'10.71.1.25','',0,'',NULL,1,1,0,2,1,0,1612539696,1633640553,0,NULL,'','','','',''),
(114,'ldap',1,0,1,0,1,'s_korniichuk@alfamediaplayer.com.1633640554','not cached','','Sergii','Korniichuk','111ad6ecf316ed58367a7d0cece2f183',0,'','','','','','','','','','','','','en','gregorian','','99',1612541436,1621378725,1619704934,1621367590,'10.91.100.46','',0,'',NULL,1,1,0,2,1,0,1612541434,1633640554,0,NULL,'','','','',''),
(115,'ldap',1,0,1,0,1,'a_akramov@alfamediaplayer.com.1633640554','not cached','','Alierzhon','Akramov','97278e613306876feae3a9848d966d5f',0,'','','','','','','','','','','','','en','gregorian','','99',1612542337,1613057319,1612950815,1613039498,'10.71.100.73','',0,'',NULL,1,1,0,2,1,0,1612542335,1633640554,0,NULL,'','','','',''),
(116,'ldap',1,0,1,0,1,'oleksandr@indiantvcompany.com.1633640555','not cached','','Oleksandr','Prozorovskyi','b04e41c676da94e58a02a62dc40a119e',0,'','','','','','','','','','','','','en','gregorian','','99',1612792277,1627570079,1616684431,1627570079,'10.71.100.76','',0,'',NULL,1,1,0,2,1,0,1612792276,1633640555,0,NULL,'','','','',''),
(117,'ldap',1,0,1,0,1,'t_zhukova@alfamediaplayer.com.1633640851','not cached','','Tetiana','Zhukova','7de81b676843bb7e5805d6eadf5d31d4',0,'','','','','','','','','','','','','en','gregorian','','99',1612800063,1633611516,1633501234,1633595306,'10.71.100.43','',0,'',NULL,1,1,0,2,1,0,1612800061,1633640851,0,NULL,'','','','',''),
(118,'ldap',1,0,1,0,1,'y_zorich@alfamediaplayer.com.1633640556','not cached','','Yelyzaveta','Zorich','637ecf767a39d056aee2b5683b024500',0,'','','','','','','','','','','','','en','gregorian','','99',1613156261,1613842919,1613637195,1613816924,'10.71.1.25','',0,'',NULL,1,1,0,2,1,0,1613156258,1633640556,0,NULL,'','','','',''),
(119,'ldap',1,0,1,0,1,'k_pasishnyk@alfamediaplayer.com.1633640557','not cached','','Kateryna','Pasishnyk','ba4267af8f137603d8ba7256f767e55a',0,'','','','','','','','','','','','','en','gregorian','','99',1613408357,1614280817,1614174122,1614276643,'10.71.1.25','',0,'',NULL,1,1,0,2,1,0,1613408356,1633640557,0,NULL,'','','','',''),
(120,'ldap',1,0,1,0,1,'a_shpin@polishtvcompany.com.1633640353','not cached','','Aleksandr','Shpin','0cdd4b8fcf0ce16b00541aeb2bf043fc',0,'','','','','','','','','','','','','en','gregorian','','99',1613593370,1614338854,1614193640,1614338663,'10.71.100.71','',0,'',NULL,1,1,0,2,1,0,1613593368,1633640353,0,NULL,'','','','',''),
(121,'ldap',1,0,1,0,1,'d_gromenko@indiantvcompany.com.1633640557','not cached','','Davyd','Gromenko','4d0b1d6cf187d71be32d11f088af364f',0,'','','','','','','','','','','','','en','gregorian','','99',1614024423,1614451004,1614351440,1614450939,'10.71.100.75','',0,'',NULL,1,1,0,2,1,0,1614024422,1633640557,0,NULL,'','','','',''),
(122,'ldap',1,0,1,0,1,'a_saroosh@techstudio.tv.1633640851','not cached','','Ayman','Saroosh','45d9f28f6cb05179a9464998071ec871',0,'','','','','','','+923335599009','','','','','PK','en','gregorian','','99',1614980305,1632337844,1631777331,1632331913,'10.71.100.57','',0,'',NULL,1,1,0,2,1,0,1614980303,1633640851,0,'','','','','',''),
(123,'ldap',1,0,1,0,1,'s_zhyltsov@alfamediaplayer.com.1633640558','not cached','','Serhii','Zhyltsov','82f746388243d586bb1d2b57d0c4384b',0,'','','','','','','','','','','','','en','gregorian','','99',1615815348,1619702022,1615997068,1619701895,'10.71.100.87','',0,'',NULL,1,1,0,2,1,0,1615815347,1633640558,0,NULL,'','','','',''),
(124,'ldap',1,0,1,0,1,'a_atakulova@indiantvcompany.com.1633640372','not cached','','Aidai','Atakulova','36698ee5ecafea43c3f05ffc20d62f49',0,'','','','','','','','','','','','','en','gregorian','','99',1616617836,1630524596,1630492093,1630524596,'10.71.100.89','',0,'',NULL,1,1,0,2,1,0,1616617835,1633640372,0,NULL,'','','','',''),
(125,'ldap',1,0,1,0,1,'v_bogiv@indiantvcompany.com.1633640559','not cached','','Vitalii','Bogiv','f9f4bcd3d0a8bb8f973f6debe2d269a3',0,'','','','','','','','','','','','','en','gregorian','','99',1616860563,1619723584,1619629665,1619723184,'10.71.100.38','',0,'',NULL,1,1,0,2,1,0,1616860561,1633640559,0,NULL,'','','','',''),
(126,'ldap',1,0,1,0,1,'r_assatulin@indiantvcompany.com.1633640560','not cached','','Ramil','Assatulin','94a479d15c7cfa71999863bbd331f34d',0,'','','','','','','','','','','','','en','gregorian','','99',1617112808,1632597894,1631976712,1632597894,'10.71.100.37','',0,'',NULL,1,1,0,2,1,0,1617112806,1633640560,0,NULL,'','','','',''),
(127,'ldap',1,0,1,0,1,'y_voloshyn@indiantvcompany.com.1633640560','not cached','','Yaroslava','Voloshyn','3b84b222c026868ea9f3eb021aa826f8',0,'','','','','','','','','','','','','en','gregorian','','99',1617129286,1618264351,1618135678,1618241599,'10.91.100.40','',0,'',NULL,1,1,0,2,1,0,1617129285,1633640560,0,NULL,'','','','',''),
(128,'ldap',1,0,0,0,1,'m_bondar','not cached','','Maksym','Bondar','m_bondar@techstudio.tv',0,'','','','','','','','','','','','','en','gregorian','','99',1617398681,1634227061,1633640180,1634227061,'10.71.100.85','',0,'',NULL,1,1,0,2,1,0,1617398679,1617402008,0,NULL,'','','','',''),
(129,'ldap',1,0,1,0,1,'o_mykhailova@indiantvcompany.com.1633640561','not cached','','Olena','Mykhailova','8cfaa28bbdb195c1edcfbd06ceaddad3',0,'','','','','','','','','','','','','en','gregorian','','99',1617659516,1626091103,1626090922,1626091034,'10.71.100.36','',0,'',NULL,1,1,0,2,1,0,1617659515,1633640561,0,NULL,'','','','',''),
(130,'ldap',1,0,1,0,1,'o_koltsova@indiantvcompany.com.1633640562','not cached','','Olesia','Koltsova','0450f77099766d4834341269783e919a',0,'','','','','','','','','','','','','en','gregorian','','99',1617659599,1621866218,1618916024,1621853489,'10.71.100.40','',0,'',NULL,1,1,0,2,1,0,1617659598,1633640562,0,NULL,'','','','',''),
(131,'ldap',1,0,1,0,1,'r_gudz@indiantvcompany.com.1633640563','not cached','','Roxana','Gudz','91f805eeec683742225c2c694db9d4e7',0,'','','','','','','','','','','','','en','gregorian','','99',1617813504,1623360622,1623271270,1623345665,'10.71.100.42','',0,'',NULL,1,1,0,2,1,0,1617813502,1633640563,0,NULL,'','','','',''),
(132,'ldap',1,0,1,0,1,'m_soselia@indiantvcompany.com.1633640563','not cached','','Mariam','Soselia','cae42986188e54dd4977f526077a2a2c',0,'','','','','','','','','','','','','en','gregorian','','99',1617813809,1619616200,1619515445,1619615421,'10.71.100.79','',0,'',NULL,1,1,0,2,1,0,1617813808,1633640563,0,NULL,'','','','',''),
(133,'ldap',1,0,1,0,1,'a_olkhovyk@alfamediaplayer.com.1633640564','not cached','','Anastasiia','Olkhovyk','87167a34aecc3772a215dbb4ed393c67',0,'','','','','','','','','','','','','en','gregorian','','99',1617905961,1624172788,1622118194,1624172715,'10.71.1.15','',0,'',NULL,1,1,0,2,1,0,1617905959,1633640564,0,NULL,'','','','',''),
(134,'ldap',1,0,1,0,1,'d_shafrai@alfamediaplayer.com.1633640565','not cached','','Daryna','Shafrai','1ed37decfbe56a6c259494a679b2122e',0,'','','','','','','','','','','','','en','gregorian','','99',1617906160,1626980384,1626980167,1626980169,'10.71.100.62','',0,'',NULL,1,1,0,2,1,0,1617906159,1633640565,0,NULL,'','','','',''),
(135,'ldap',1,0,1,0,1,'a_otrishko@techstudio.tv.1633640566','not cached','','Andrii','Otrishko','544b5160b35e6bf05776e6de14ca29a5',0,'','','','','','','','','','','','','en','gregorian','','99',1617999799,1622823448,1622462064,1622823448,'10.71.100.34','',0,'',NULL,1,1,0,2,1,0,1617999797,1633640566,0,NULL,'','','','',''),
(136,'ldap',1,0,1,0,1,'d_khorobchuk@miraxtv.com.1633640566','not cached','','Denys','Khorobchuk','fc4d9cb85a0bd7b7b3099d5bdca94dab',0,'','','','','','','','','','','','','en','gregorian','','99',1618582220,1618582583,0,1618582220,'10.71.1.17','',0,'',NULL,1,1,0,2,1,0,1618582218,1633640566,0,NULL,'','','','',''),
(137,'ldap',1,0,1,0,1,'a_zaikina@miraxtv.com.1633640566','not cached','','Anastasiia','Zaikina','f44cd8d51ac55da9e628bf9022f43a7a',0,'','','','','','','','','','','','','en','gregorian','','99',1618582945,1619185594,1619079259,1619168594,'10.71.100.78','',0,'',NULL,1,1,0,2,1,0,1618582943,1633640566,0,NULL,'','','','',''),
(138,'ldap',1,0,1,0,1,'r_chuprov@miraxtv.com.1633640567','not cached','','Ruslan','Chuprov','a8865dbe9fb2517920daa0d203844eb6',0,'','','','','','','','','','','','','en','gregorian','','99',1618594301,1621005581,1620998616,1621005581,'10.71.100.91','',0,'',NULL,1,1,0,2,1,0,1618594299,1633640567,0,NULL,'','','','',''),
(139,'ldap',1,0,1,0,1,'t_khopta@miraxtv.com.1633640568','not cached','','Tetiana','Khopta','0c6de56bf8fe512917c0c4be41d4dd39',0,'','','','','','','','','','','','','en','gregorian','','99',1618594841,1623649160,1623240675,1623649160,'10.71.100.55','',0,'',NULL,1,1,0,2,1,0,1618594839,1633640568,0,NULL,'','','','',''),
(140,'ldap',1,0,1,0,1,'d_chornobai@miraxtv.com.1633640568','not cached','','Denys','Chornobai','aad23a1ed642564e9791e6694b9250a4',0,'','','','','','','','','','','','','en','gregorian','','99',1618595117,1618595272,0,1618595117,'10.71.1.17','',0,'',NULL,1,1,0,2,1,0,1618595116,1633640568,0,NULL,'','','','',''),
(141,'ldap',1,0,1,0,1,'m_alokhina@miraxtv.com.1633640568','not cached','','Mariia','Alokhina','a5aa52899638ac5cee2101a19ada3c98',0,'','','','','','','','','','','','','en','gregorian','','99',1618947262,1618947262,0,1618947262,'10.71.1.17','',0,'',NULL,1,1,0,2,1,0,1618947261,1633640568,0,NULL,'','','','',''),
(142,'ldap',1,0,1,0,1,'i_ishchuk@miraxtv.com.1633640569','not cached','','Iaroslav','Ishchuk','155b23a64ebe4094ad44c34a40095bdd',0,'','','','','','','','','','','','','en','gregorian','','99',1619086540,1633537730,1633514187,1633536250,'10.71.100.70','',0,'','',1,1,0,2,1,0,1619043787,1633640569,0,'','','','','',''),
(143,'ldap',1,0,1,0,1,'y_yanhicher@techstudio.tv.1633640569','not cached','','Yuliia','Yanhicher','68393cca2525166d44faf4b9f54c2fbb',0,'','','','','','','','','','','','','en','gregorian','','99',1620058475,1623272894,1622651676,1623271724,'10.71.100.38','',0,'','',1,1,0,2,1,0,1619705050,1633640569,0,'','','','','',''),
(144,'ldap',1,0,1,0,1,'j_ananchenko@indiantvcompany.com.1633640570','not cached','','Juriy','Ananchenko','0ee0d769f8988a1a861dabcdc8063af6',0,'','','','','','','','','','','','','en','gregorian','','99',1620311437,1620403637,1620331446,1620395451,'10.71.100.68','',0,'','',1,1,0,2,1,0,1620157923,1633640570,0,'','','','','',''),
(145,'ldap',1,0,1,0,1,'a_burba@indiantvcompany.com.1633640378','not cached','','Aleksandr','Burba','37eba0c5c196be19ad2ab36044e72e73',0,'','','','','','','','','','','','','en','gregorian','','99',1620504475,1629461164,1629375288,1629461164,'10.71.100.47','',0,'',NULL,1,1,0,2,1,0,1620504473,1633640378,0,NULL,'','','','',''),
(146,'ldap',1,0,1,0,1,'o_shcherbenko@indiantvcompany.com.1633640570','not cached','','Olha','Shcherbenko','0873038a158bb75b0e0bac2b602c4b75',0,'','','','','','','','','','','','','en','gregorian','','99',1620747370,1621025222,1620887326,1621024925,'10.71.1.15','',0,'','',1,1,0,2,1,0,1620664519,1633640570,0,'','','','','',''),
(147,'ldap',1,0,1,0,1,'r_kolesnikov@alfamediaplayer.com.1633640571','not cached','','Roman','Kolesnikov','c22d8172f6ed4a24db1928152fab27e0',0,'','','','','','','','','','','','','en','gregorian','','99',1620827265,1621273555,1621004394,1621264750,'10.71.100.66','',0,'',NULL,1,1,0,2,1,0,1620827263,1633640571,0,NULL,'','','','',''),
(148,'ldap',1,0,1,0,1,'v_ruban@techstudio.tv.1633640572','not cached','','Vladyslav','Ruban','848574aef0548f7a96d0f4e249501288',0,'','','','','','','','','','','','','en','gregorian','','99',1621090394,1630492009,1627932817,1630492009,'10.71.100.87','',0,'',NULL,1,1,0,2,1,0,1621090392,1633640572,0,NULL,'','','','',''),
(149,'ldap',1,0,1,0,1,'o_chovhaniuk@techstudio.tv.1633640573','not cached','','Olha','Chovhaniuk','85ab22a117fd3d4ce43491bb468c0aed',0,'','','','','','','','','','','','','en','gregorian','','99',1622064604,1625240528,1623048153,1625240528,'10.91.100.42','',0,'','',1,1,0,2,1,0,1622064580,1633640573,0,'','','','','',''),
(150,'ldap',1,0,1,0,1,'n_soldatova@miraxtv.com.1633640573','not cached','','Nadiia','Soldatova','8a840e178d12be7abb0c1875353eddb8',0,'','','','','','','','','','','','','en','gregorian','','99',1622213221,1622655340,1622567702,1622629466,'10.71.100.56','',0,'',NULL,1,1,0,2,1,0,1622213219,1633640573,0,NULL,'','','','',''),
(151,'ldap',1,0,1,0,1,'e_fursova@indiantvcompany.com.1633640574','not cached','','Ekaterina','Fursova','6f14924d9620798896a0f44168f4c829',0,'','','','','','','','','','','','','en','gregorian','','99',1623090375,1625851803,1623687858,1625843263,'10.91.100.66','',0,'','',1,1,0,2,1,0,1623011799,1633640574,0,'','','','','',''),
(152,'ldap',1,0,1,0,1,'o_bardysh@indiantvcompany.com.1633640575','not cached','','Oleksandr','Bardysh','d2617ee8fc3fc06ca5fcbbf5ff497718',0,'','','','','','','','','','','','','en','gregorian','','99',0,0,0,0,'','',0,'','',1,1,0,2,1,0,1623106589,1633640575,0,'','','','','',''),
(153,'ldap',1,0,1,0,1,'v_hudzenko@indiantvcompany.com.1633640575','not cached','','Viktoriia','Hudzenko','f80828b1b1bbcb173904b965fe3d4679',0,'','','','','','','','','','','','','en','gregorian','','99',1623252114,1623446636,1623347764,1623413218,'10.71.100.88','',0,'','',1,1,0,2,1,0,1623193334,1633640575,0,'','','','','',''),
(154,'ldap',1,0,1,0,1,'k_novoseletska@indiantvcompany.com.1633640577','not cached','','Klaudia','Novoseletska','f3c27955e97720a14063bd14e1eb42f3',0,'','','','','','','','','','','','','en','gregorian','','99',1623760501,1633551190,1633127502,1633551190,'10.71.100.43','',0,'',NULL,1,1,0,2,1,0,1623760500,1633640577,0,NULL,'','','','',''),
(155,'ldap',1,0,1,0,1,'k_bakum@indiantvcompany.com.1633640577','not cached','','Kostiantyn','Bakum','1b5310aed51a8babc545ee166467b3c0',0,'','','','','','','','','','','','','en','gregorian','','99',1624385954,1625217505,1625030468,1625217432,'10.71.1.25','',0,'',NULL,1,1,0,2,1,0,1624385952,1633640577,0,NULL,'','','','',''),
(156,'ldap',1,0,1,0,1,'a_bodniuk@indiantvcompany.com.1633640578','not cached','','Alesia','Bodniuk','36a686196df9765b102eb218ad67c594',0,'','','','','','','','','','','','','en','gregorian','','99',1624653469,1629983944,1629908073,1629983743,'10.91.100.34','',0,'',NULL,1,1,0,2,1,0,1624653468,1633640578,0,NULL,'','','','',''),
(157,'ldap',1,0,1,0,1,'l_tyekhmurova@indiantvcompany.com.1633640579','not cached','','Leyla','Tyekhmurova','45fe65a668f066e6a593e3bcc057ae51',0,'','','','','','','','','','','','','en','gregorian','','99',0,0,0,0,'','',0,'','',1,1,0,2,1,0,1624916948,1633640579,0,'','','','','',''),
(158,'ldap',1,0,1,0,1,'i_solodka@indiantvcompany.com.1633640579','not cached','','Iryna','Solodka','7326bdd5ff96e4c05e1b19df59e7d6e8',0,'','','','','','','','','','','','','en','gregorian','','99',1625586749,1627969833,1627969478,1627969609,'10.71.100.5','',0,'','',1,1,0,2,1,0,1625521840,1633640579,0,'','','','','',''),
(159,'ldap',1,0,1,0,1,'n_kiricuk@indiantvcompany.com.1633640580','not cached','','Nadiia','Kyrychuk','4c2ac83ab8d317d18c24a4242f9ff688',0,'','','','','','','','','','','','','en','gregorian','','99',1625846352,1626194325,1626188717,1626192509,'10.71.1.25','',0,'','',1,1,0,2,1,0,1625788635,1633640580,0,'','','','','',''),
(160,'ldap',1,0,0,0,1,'g_jin','not cached','','Guang','Jin','g_jin@indiantvcompany.com',0,'','','','','','','','','','','','','en','gregorian','','99',1626441289,1636366523,1636119734,1636343101,'0:0:0:0:0:0:0:1','',13366,'','',1,1,0,2,1,0,1626441287,1636137622,0,'','','','','',''),
(161,'ldap',1,0,1,0,1,'s_xhujabekov@indiantvcompany.com.1633640580','not cached','','Samandar','Xhujabekov','f2367f64116e36cca30555760288e21c',0,'','','','','','','','','','','','','en','gregorian','','99',1626792363,1630492162,1627933021,1630476909,'10.71.100.89','',0,'',NULL,1,1,0,2,1,0,1626792361,1633640580,0,NULL,'','','','',''),
(162,'ldap',1,0,1,0,1,'y_romanchuk@indiantvcompany.com.1633640582','not cached','','Yevheniia','Romanchuk','300f6ebf2e40de9300a9fd509e94195d',0,'','','','','','','','','','','','','en','gregorian','','99',1627132295,1630406235,1630340216,1630403697,'10.71.100.39','',0,'',NULL,1,1,0,2,1,0,1627132294,1633640582,0,NULL,'','','','',''),
(163,'ldap',1,0,1,0,1,'n_burkhanova@indiantvcompany.com.1633640582','not cached','','Nasimakhon','Burkhanova','95985eb5b71ff49644c9641dbe579d1f',0,'','','','','','','','','','','','','en','gregorian','','99',1627417476,1627417476,0,1627417476,'10.71.1.17','',0,'',NULL,1,1,0,2,1,0,1627417474,1633640582,0,NULL,'','','','',''),
(164,'ldap',1,0,1,0,1,'t_tsekhmeistruk@indiantvcompany.com.1633640582','not cached','','Tetiana','Tsekhmeistruk','fc1d9d49dfc6d30c5ffead122ff55ca0',0,'','','','','','','','','','','','','en','gregorian','','99',1627503807,1633248542,1633248540,1633248542,'10.71.1.25','',0,'',NULL,1,1,0,2,1,0,1627503806,1633640582,0,NULL,'','','','',''),
(165,'ldap',1,0,1,0,1,'i_siranov@indiantvcompany.com.1633640583','not cached','','Ilyas','Siranov','1a913f6648a6a2ed32fd95c42ad35cb8',0,'','','','','','','','','','','','','en','gregorian','','99',1627588084,1628255666,1628168261,1628255600,'10.71.100.58','',0,'',NULL,1,1,0,2,1,0,1627588082,1633640583,0,NULL,'','','','',''),
(166,'ldap',1,0,1,0,1,'o_skalatska@techstudio.tv.1633640584','not cached','','Olga','Skalatska','96c4a9b4f54b65228cae4a10d20aa91d',0,'','','','','','','','','','','','','en','gregorian','','99',1628084386,1633616538,1633333136,1633616219,'10.71.100.45','',0,'','',1,1,0,2,1,0,1628059155,1633640584,0,'','','','','',''),
(167,'ldap',1,0,1,0,1,'t_barsamyan@alfamediaplayer.com.1633640585','not cached','','Tigran','Barsamyan','661cc665b23c029850070f2246aada3c',0,'','','','','','','','','','','','','en','gregorian','','99',1628237627,1628259374,0,1628237627,'10.71.100.54','',0,'','',1,1,0,2,1,0,1628114627,1633640585,0,'','','','','',''),
(168,'ldap',1,0,1,0,1,'n_samartsev@indiantvcompany.com.1633640586','not cached','','Nikita','Samartsev','3e24a71efc8c2ae7c37dcd01913df5d8',0,'','','','','','','','','','','','','en','gregorian','','99',1628255930,1631344455,1631075089,1631344455,'10.71.100.91','',0,'',NULL,1,1,0,2,1,0,1628255928,1633640586,0,NULL,'','','','',''),
(169,'ldap',1,0,1,0,1,'v_shestak@polishtvcompany.com.1633640587','not cached','','Viktoria','Shestak','6380d0f9b83c6973a6f68d9f0a45cd58',0,'','','','','','','','','','','','','en','gregorian','','99',1628277323,1633301305,1633194103,1633280925,'10.71.100.33','',0,'',NULL,1,1,0,2,1,0,1628277321,1633640587,0,NULL,'','','','',''),
(170,'ldap',1,0,1,0,1,'a_kalganova@alfamediaplayer.com.1633640589','not cached','','Anna','Kalganova','a43f998616e2ccd7a1efa34d45c2c644',0,'','','','','','','','','','','','','en','gregorian','','99',1628876643,1633344773,1633260197,1633342343,'10.71.100.36','',0,'',NULL,1,1,0,2,1,0,1628876642,1633640589,0,NULL,'','','','',''),
(171,'ldap',1,0,1,0,1,'d_khamza@alfamediaplayer.com.1633640590','not cached','','Diana','Khamza','f572095a9dc2582c934fd5fa527176bc',0,'','','','','','','','','','','','','en','gregorian','','99',1628877116,1630928699,1630685460,1630924787,'10.71.100.40','',0,'',NULL,1,1,0,2,1,0,1628877114,1633640590,0,NULL,'','','','',''),
(172,'ldap',1,0,1,0,1,'s_islomov@alfamediaplayer.com.1633640591','not cached','','Sardor','Islomov','8b8939cb5b0aa25d2f6ec239eb4386b6',0,'','','','','','','','','','','','','en','gregorian','','99',1629284875,1633343350,1633157185,1633343350,'10.71.100.90','',0,'','',1,1,0,2,1,0,1629197379,1633640591,0,'','','','','',''),
(173,'ldap',1,0,1,0,1,'a_to@indiantvcompany.com.1633640592','not cached','','Andrey','To','e3df2a80bfc98372a589f2cf3133a1a5',0,'','','','','','','','','','','','','en','gregorian','','99',1629359758,1630018214,1629894263,1629976187,'10.71.100.46','',0,'',NULL,1,1,0,2,1,0,1629359757,1633640592,0,NULL,'','','','',''),
(174,'ldap',1,0,1,0,1,'e_koroleva@indiantvcompany.com.1633640592','not cached','','Elizaveta','Koroleva','bf841e9cced8b80729d311ae8e38c53d',0,'','','','','','','','','','','','','en','gregorian','','99',1630077412,1633092252,1633015372,1633092252,'10.71.100.57','',0,'',NULL,1,1,0,2,1,0,1630077410,1633640592,0,NULL,'','','','',''),
(175,'ldap',1,0,1,0,1,'v_yakubska@indiantvcompany.com.1633640593','not cached','','Vicktoria','Yakubska','7df825bfab278f886f7adc1ae2ab6be4',0,'','','','','','','','','','','','','en','gregorian','','99',1630659966,1633602711,1633495503,1633602711,'10.71.1.15','',0,'','',1,1,0,2,1,0,1630596465,1633640593,0,'','','','','',''),
(176,'ldap',1,0,1,0,1,'v_hlushko@miraxtv.com.1633640595','not cached','','Vladyslav','Hlushko','ede806a12ea484f8655d595544513604',0,'','','','','','','','','','','','','en','gregorian','','99',1631111602,1633623261,1633533145,1633619115,'10.71.100.77','',0,'','',1,1,0,2,1,0,1631048596,1633640595,0,'','','','','',''),
(177,'ldap',1,0,1,0,1,'o_zaichenko@miraxtv.com.1633640596','not cached','','Oleksandr','Zaichenko','c8d9034e239185f4e5e55bb6ee72cc6b',0,'','','','','','','','','','','','','en','gregorian','','99',1631117168,1633614208,1633531489,1633614208,'10.91.100.82','',0,'','',1,1,0,2,1,0,1631105038,1633640596,0,'','','','','',''),
(178,'ldap',1,0,1,0,1,'m_polovenchenko@miraxtv.com.1633640597','not cached','','Michael','Polovenchenko','4dacb566b9bb236e21bb9c41fa23c9ef',0,'','','','','','','','','','','','','en','gregorian','','99',1631202251,1633463747,1632935624,1633463747,'10.71.100.94','',0,'','',1,1,0,2,1,0,1631192044,1633640597,0,'','','','','',''),
(179,'ldap',1,0,1,0,1,'d_radziszewicz@indiantvcompany.com.1633640598','not cached','','Dorota','Radziszewicz','2cddc3c75e5078009f51d3cf8dcc7281',0,'','','','','','','','','','','','','en','gregorian','','99',0,0,0,0,'','',0,'','',1,1,0,2,1,0,1631551831,1633640598,0,'','','','','',''),
(180,'ldap',1,0,1,0,1,'a_teodorescu@alfamediaplayer.com.1633640598','not cached','','Alexandru-Teodor','Teodorescu','42d3c1d7f4b7a5d34695bbef4f4801ab',0,'','','','','','','','','','','','','en','gregorian','','99',1631979615,1633454937,1632920167,1633454683,'10.71.100.35','',0,'',NULL,1,1,0,2,1,0,1631979613,1633640598,0,NULL,'','','','',''),
(181,'ldap',1,0,1,0,1,'n_andrusenko@alfamediaplayer.com.1633640599','not cached','','Natalia','Andrusenko','db0ac9b457660223616bbee7edf96415',0,'','','','','','','','','','','','','en','gregorian','','99',1632329327,1632732674,1632724122,1632732499,'10.71.100.2','',0,'','',1,1,0,2,1,0,1632312185,1633640599,0,'','','','','',''),
(182,'ldap',1,0,1,0,1,'m_sodikov@alfamediaplayer.com.1633640600','not cached','','Mirmuhsin','Sodikov','58f80408108a55c8e489938471d0aacb',0,'','','','','','','','','','','','','en','gregorian','','99',1632595579,1633355045,1632999399,1633354935,'10.71.100.93','',0,'',NULL,1,1,0,2,1,0,1632595577,1633640600,0,NULL,'','','','',''),
(183,'ldap',1,0,1,0,1,'p_okumu@alfamediaplayer.com.1633640600','not cached','','Philip','Okumu','339a2f8b5809ca5d10642d1b3989820a',0,'','','','','','','','','','','','','en','gregorian','','99',1633183993,1633625670,1633502318,1633603681,'10.71.100.71','',0,'',NULL,1,1,0,2,1,0,1633183991,1633640600,0,NULL,'','','','',''),
(184,'ldap',1,0,1,0,1,'v_kolosan@indiantvcompany.com.1633640601','not cached','','Viktoriia','Kolosan','e4c2c6924a077ba85ba103e063af0a1a',0,'','','','','','','','','','','','','en','gregorian','','99',1633523655,1633617932,1633606681,1633617266,'10.71.100.38','',0,'','',1,1,0,2,1,0,1633373149,1633640601,0,'','','','','',''),
(1112,'manual',1,0,0,0,1,'g_jin1','$2y$10$LktlGY3pofx.TceQBDGAXuz.rhvIeVrY8/NoEe19mNKMKuktfXM62','','Guang','Jin1','yingwen213@gmail.com',0,'','','','','','','','','','','ZhengZhou','CN','en','gregorian','','99',1635820159,1636343494,1636343371,1636343414,'0:0:0:0:0:0:0:1','',0,'','',1,1,0,0,1,0,1635820122,1635820122,0,'','','','','',''),
(1113,'manual',1,0,0,0,1,'admin1','$2y$10$JcOoHhc.1hSzkuPFRkGXN.f7Tto9KEGdpVfjm.YkKdPGZlhIUzw9W','','Admin','User','lms@techstudio.tv',0,'','','','','','','','','','','','','en','gregorian','','99',1596146797,1633568413,1633003894,1633114383,'0.0.0.0','',0,'','',1,1,0,1,1,0,0,1596146980,0,NULL,'','','','','');

/*!40101 SET SQL_MODE=@OLD_SQL_MODE */;
/*!40014 SET FOREIGN_KEY_CHECKS=@OLD_FOREIGN_KEY_CHECKS */;
/*!40014 SET UNIQUE_CHECKS=@OLD_UNIQUE_CHECKS */;
/*!40111 SET SQL_NOTES=@OLD_SQL_NOTES */;
